job_id,first_seen_date,last_seen_date,title,company,location,is_remote,salary_min,salary_max,salary_currency,salary_period,salary_is_estimate,salary_raw,contract_type,contract_time,date_posted,source,url,description
a9a21d5ba3e14729,2026-09-18,2026-09-18,Senior Data Engineer (Commercial Analytics),Pleo,"London, UK",False,84922.79,84922.79,GBP,annual,True,Adzuna estimate,,full_time,2026-09-18,Adzuna,https://www.adzuna.co.uk/jobs/details/5889013215?utm_medium=api&utm_source=jobaggregator,"About Pleo Messy spend management is tricky business. And tedious processes are a lose-lose situation for all involved, not just finance. At Pleo, we're changing that. We build spend solutions that make managing money seamless, empowering, and surprisingly effective for finance teams and employees alike - with a vision to help all businesses ‘go beyond’. The word ‘Pleo’ actually means ‘more than..."
b224efbd66fc0daa,2026-09-18,2026-09-18,Senior Data Engineer,Quantum,"London, UK",False,55744.69,55744.69,GBP,annual,True,Adzuna estimate,,full_time,2026-09-18,Adzuna,https://www.adzuna.co.uk/jobs/details/5889040471?utm_medium=api&utm_source=jobaggregator,"Our Company At Quantum, we connect global brands with high-intent consumers. We turn intent into action and complexity into clarity. Our Mission is clear, to help smarter, faster buying decisions. Our vision, to be the world’s most used digital comparison service, delivering value and simplicity to millions. We drive growth through data-driven affiliate marketing built for performance from day..."
6f22c60cc355ad78,2026-09-18,2026-09-18,Senior Data Engineer,Oliver James,London,False,550.0,550.0,GBP,daily,False,,,,2026-09-18,Reed,https://www.reed.co.uk/jobs/senior-data-engineer/57362158,"Senior Data Engineer - Databricks | Hybrid London | 550/day Outside IR35 | 12 Months A well-established transport/travel sector business is expanding its Data & Middleware function as part of a major analytics transformation, and is looking for a Senior Data Engineer to help build out its data platform and data products. You'll join a growing team modernising a legacy estate onto a modern Event..."
db4f772b750a3ad9,2026-09-18,2026-09-18,Junior Data Engineer,Lendable,"London, UK",False,37690.77,37690.77,GBP,annual,True,Adzuna estimate,,full_time,2026-09-18,Adzuna,https://www.adzuna.co.uk/jobs/details/5889037553?utm_medium=api&utm_source=jobaggregator,About Lendable Lendable is on a mission to build the world's best technology to help people get credit and save money. We're building one of the world’s leading fintech companies and are off to a strong start: One of the UK’s newest unicorns with a team of just over 700 people Among the fastest-growing tech companies in the UK Profitable since 2017 Backed by top investors including Balderton...
c5b3d8aa3082fe92,2026-09-18,2026-09-18,Junior Data Engineer,West and North London ICB,"Fitzrovia, West London",False,47951.0,56863.0,GBP,annual,False,,,full_time,2026-09-18,Adzuna,https://www.adzuna.co.uk/jobs/details/5889027186?utm_medium=api&utm_source=jobaggregator,"If you are looking for a varied, challenging and rewarding role, West and North London offers an excellent opportunity to make a real difference to local residents. This is an exciting time to work in commissioning as the NHS continues to evolve. We support career development at every stage and encourage staff to build on their strengths through ongoing learning and training opportunities. We..."
90419949878fdea8,2026-09-18,2026-09-18,Graduate Data Engineer,Blenheim Chalcot,"London, UK",False,39021.16,39021.16,GBP,annual,True,Adzuna estimate,,,2026-09-18,Adzuna,https://www.adzuna.co.uk/jobs/details/5889041876?utm_medium=api&utm_source=jobaggregator,"Fospha is the measurement system enterprise retail and ecommerce brands run their business on. We give marketing teams one clear, daily view of what's actually working — across every channel and everywhere they sell, from their website to Amazon and TikTok Shop — down to the level of a single ad or piece of creative. It replaces guesswork and gut feel with a number marketing, finance and agencies..."
820d23f7b6d1042a,2026-09-18,2026-09-18,Graduate Data Engineer,Fospha,"London, UK",False,38732.16,38732.16,GBP,annual,True,Adzuna estimate,,,2026-09-18,Adzuna,https://www.adzuna.co.uk/jobs/details/5889028091?utm_medium=api&utm_source=jobaggregator,"Fospha is the measurement system enterprise retail and ecommerce brands run their business on. We give marketing teams one clear, daily view of what's actually working — across every channel and everywhere they sell, from their website to Amazon and TikTok Shop — down to the level of a single ad or piece of creative. It replaces guesswork and gut feel with a number marketing, finance and agencies..."
fb78cf6f17f7014f,2026-09-18,2026-09-18,"Data Engineer, Prime Video Content Analytics & Products",Amazon,"London, UK",False,47274.72,47274.72,GBP,annual,True,Adzuna estimate,,,2026-09-18,Adzuna,https://www.adzuna.co.uk/jobs/details/5888509497?utm_medium=api&utm_source=jobaggregator,Description Come build the future of entertainment with us. Are you interested in shaping the future of movies and television? Do you want to define the next generation of how and what Amazon customers are watching? Prime Video is a premium streaming service that offers customers a vast collection of TV shows and movies - all with the ease of finding what they love to watch in one place. We offer...
55ed927b633d299b,2026-09-18,2026-09-18,Data Engineer,Randstad Technologies,London,False,450.0,451.0,GBP,daily,False,,,,2026-09-18,Reed,https://www.reed.co.uk/jobs/data-engineer/57361992,"Job title: Data engineering specialist Locations: London One Braham or Birmingham Snowhill or Bristol Assembly (hybrid-3 days onsite) Start Date: Need candidate who are immediately available to join Duration: 06 months IR35: Inside Job description: Role Overview We are seeking an experienced Analytics Engineer to design and build scalable analytical data models that support business intelligence,..."
472c00577ec02aae,2026-09-18,2026-09-18,Analytics Engineer,Futureheads Recruitment,"London, UK",True,104000.0,130000.0,GBP,annual,False,,contract,full_time,2026-09-18,Adzuna,https://www.adzuna.co.uk/jobs/details/5888522502?utm_medium=api&utm_source=jobaggregator,"Analytics Engineer 6-Month Contract | Immediate Start | Remote/Hybrid We're partnering with a fast-growing retail subscription business that is investing heavily in its data platform and analytics capabilities. As part of a major transformation programme, they're looking for a Senior Analytics Engineer to help modernise their analytics environment, improve data quality, and support the rollout of..."
6dcf9ace6cf24482,2026-09-18,2026-09-18,Senior Data Engineer - Databricks,JLA Resourcing Ltd,"South West London, London",True,130000.0,140400.0,GBP,annual,False,,contract,,2026-09-17,Adzuna,https://www.adzuna.co.uk/jobs/details/5888201339?utm_medium=api&utm_source=jobaggregator,"Role: Senior Data Engineer - Databricks Location: Remote - some travel to client site in London Contract: Initial 6 months Rate: £500 to £540 per day Clearance: Must be eligible to obtain SC Clearance This role has been deemed Inside IR35 The Opportunity We are looking for an experienced Senior Data Engineer to work on complex, large-scale data projects within secure and highly regulated..."
d428bacd08f4f861,2026-09-18,2026-09-18,Data Engineer,The Travel Chapter,"East-The-Water, Bideford",True,55717.74,55717.74,GBP,annual,True,Adzuna estimate,permanent,,2026-09-17,Adzuna,https://www.adzuna.co.uk/jobs/details/5888159100?utm_medium=api&utm_source=jobaggregator,"Data Engineer Location: Remote (UK Based) Team: Product Engineering Contract: Permanent Salary: Starting salary £40,000 with scope to increase based on experience and suitability Help us turn data into better experiences We’re looking for an experienced Data Engineer to join our growing Data Team at Travel Chapter. As a data-led business, data is at the heart of how we operate and how we deliver..."
f6d2276706a95a24,2026-09-17,2026-09-17,Senior Data Engineer - Python,Bloomberg,"London, UK",False,78111.23,78111.23,GBP,annual,True,Adzuna estimate,,,2026-09-17,Adzuna,https://www.adzuna.co.uk/jobs/details/5887446356?utm_medium=api&utm_source=jobaggregator,"Senior Data Engineer - Python Location London Business Area Marketing and Public Relations Ref 10051497 Description & Requirements The Climate Data Utility Tech Team is actively searching for an experienced Senior Data Engineer to play a pivotal role in the design, i mplementation, enhancement, and maintenance of scalable data pipelines for the Net-Zero Data Public Utility. These pipelines are..."
ad11538a369ebd40,2026-09-17,2026-09-18,Senior Data Engineer,Firstup,"London, UK",False,75676.31,75676.31,GBP,annual,True,Adzuna estimate,,full_time,2026-09-17,Adzuna,https://www.adzuna.co.uk/jobs/details/5887469675?utm_medium=api&utm_source=jobaggregator,"Who We Are At Firstup, our mission is to improve the employee experience at every moment that matters, large and small. As the communication pipeline for the world's workforce, we now serve 40 of the Fortune 100 companies, reaching and connecting more than 17 million employees daily. Our employees are experts in the employee experience, workforce communications and technology. Joining Firstup..."
89447e05ded7d90b,2026-09-17,2026-09-17,Senior Data Engineer,Mace Limited,"London, UK",False,63924.52,63924.52,GBP,annual,True,Adzuna estimate,,full_time,2026-09-17,Adzuna,https://www.adzuna.co.uk/jobs/land/ad/5887463952?se=kkSqP4Wy8RGJWqafUD0AAw&utm_medium=api&utm_source=jobaggregator&v=C6D0991F81AC0B59106179065BCF5ECA3D2C53B5,"Senior Data Engineer - London We are actively seeking an accomplished and driven Senior Data Engineer with recent hands-on proficiency in development, specifically utilizing the latest Fabric & Azure tools for data and analytics. The ideal candidate will play a pivotal role in leading a team of highly skilled professionals, overseeing the design, implementation, and maintenance of cutting-edge..."
24aa133140956771,2026-09-17,2026-09-17,Data Engineer,Solve Intelligence,"London, UK",False,83016.34,83016.34,GBP,annual,True,Adzuna estimate,,full_time,2026-09-17,Adzuna,https://www.adzuna.co.uk/jobs/details/5887444329?utm_medium=api&utm_source=jobaggregator,"About Us We're the fastest-growing startup transforming the IP industry. Traction: 20-30% MoM revenue growth; selling to 700 global IP teams (DLA Piper, tech boutiques, and global enterprises). Proven Value: Users report 50-90% efficiency gains using our AI platform. Backing: Recently featured in Sifted following our $40M Series B announcement, bringing our total funding to $55M from elite..."
1e660baa7b0ea66d,2026-09-17,2026-09-17,Data Engineer,Mace Limited,"London, UK",False,55445.02,55445.02,GBP,annual,True,Adzuna estimate,,full_time,2026-09-17,Adzuna,https://www.adzuna.co.uk/jobs/land/ad/5887443031?se=kkSqP4Wy8RGJWqafUD0AAw&utm_medium=api&utm_source=jobaggregator&v=43BB272064A955265FAC082AF9BE965509425E92,"Data Engineer - London We are actively seeking an accomplished and driven Data Engineer with hands-on proficiency in development, specifically utilizing the latest Fabric & Azure tools for data and analytics. The ideal candidate will play a pivotal role within a team of highly skilled professionals, involved in the design, implementation, and maintenance of cutting-edge data solutions on the..."
55edf3da098129f3,2026-09-17,2026-09-18,Post Trade Data Platform Senior Data Engineer,Centrica - CHP,"Hayes, London",False,58154.78,58154.78,GBP,annual,True,Adzuna estimate,,,2026-09-16,Adzuna,https://www.adzuna.co.uk/jobs/details/5886640684?utm_medium=api&utm_source=jobaggregator,"Description Join us, be part of more. We're so much more than an energy company. We're a family of brands revolutionising how we power the planet. We're energisers. One team of 21,000 colleagues that's energising a greener, fairer future by creating an energy system that doesn't rely on fossil fuels, whilst living our powerful commitment to igniting positive change in our communities. Here, you..."
a2b256942337c8c9,2026-09-17,2026-09-18,Junior Data Engineer,Harnham - Data & Analytics Recruitment,"Leeds, West Yorkshire",True,35000.0,45000.0,GBP,annual,False,,,full_time,2026-09-16,Adzuna,https://www.adzuna.co.uk/jobs/land/ad/5886132328?se=yhFWQ4Wy8RGcJI0T3gx-BA&utm_medium=api&utm_source=jobaggregator&v=71D13939278E5A962FB6C50596A0EE0573720B79,"Junior Data Engineer up to £45,000 Benefits Remote (UK) This is a fantastic opportunity to join a high-growth technology business where you can take ownership of building and optimising modern data pipelines while developing into a key member of a growing data team. THE COMPANY Our client is an innovative technology business operating at the intersection of mobile applications, hardware products,..."
805d5b63899f194d,2026-09-17,2026-09-18,Fabric Data Engineer,Tenth Revolution Group,"London, UK",True,85000.0,95000.0,GBP,annual,False,,permanent,full_time,2026-09-16,Adzuna,https://www.adzuna.co.uk/jobs/land/ad/5886404368?se=BpDQQIWy8RGRr_JonSYGrg&utm_medium=api&utm_source=jobaggregator&v=08A4C61CE2A35FB6030FABA26E3C91980005CD55,"Fabric Data Engineer - Up to £95,000 Benefits Permanent - Mainly remote with occasional travel to client site About the Opportunity We are seeking a talented Fabric Data Engineering Consultant to join a growing Microsoft data and AI consultancy. This is an exciting opportunity for a data professional who enjoys designing modern data platforms, building scalable solutions and helping organisations..."
c14de7ebd4383a73,2026-09-17,2026-09-18,Data Engineering Lead,Access Computer Consulting plc,London,False,465.0,465.0,GBP,daily,False,,contract,,2026-09-16,Reed,https://www.reed.co.uk/jobs/data-engineering-lead/57354840,"Data Engineering Lead - Databricks London - Hybrid (3 days onsite) | 6 Month Contract We're looking for an experienced Data Engineering Lead to lead the migration of an Oracle-centric data platform to a modern Databricks cloud environment. You'll lead the data platform workstream from the early stages of the transformation, helping define requirements and technical direction while remaining..."
017b576c2eb31048,2026-09-17,2026-09-18,"Data Engineering Consultant, Data Bricks, Snowflake, Big 4",Carrington Recruitment Solutions,"Broadgate, Central London",True,120000.0,160000.0,GBP,annual,False,,,full_time,2026-09-16,Adzuna,https://www.adzuna.co.uk/jobs/land/ad/5886623673?se=BpDQQIWy8RGRr_JonSYGrg&utm_medium=api&utm_source=jobaggregator&v=77B4E92DB1D7F0B2B513335EF1EDB170E1A2AE32,"Data Engineering Consultant, Data Specialist, Data Bricks, Snowflake, Data Analytics, Azure, Fabric, ML, Azure, Mainly Remote Data Consultant / Data Specialist required to join a fast growing Professional Services business based in the City of London. As this is an external client facing consulting role, you will be expected to be in the office circa 4 days a week and then be prepared to travel..."
1141d7368de7df35,2026-09-17,2026-09-17,"Data Engineer, Prime Video Content Analytics & Products",Amazon Digital UK Limited,"London, UK",False,45375.98,45375.98,GBP,annual,True,Adzuna estimate,,full_time,2026-09-16,Adzuna,https://www.adzuna.co.uk/jobs/details/5886441058?utm_medium=api&utm_source=jobaggregator,Come build the future of entertainment with us. Are you interested in shaping the future of movies and television? Do you want to define the next generation of how and what Amazon customers are watching? Prime Video is a premium streaming service that offers customers a vast collection of TV shows and movies - all with the ease of finding what they love to watch in one place. We offer customers...
f8818660db538b2c,2026-09-17,2026-09-18,Senior Data Engineer - Microsoft Fabric & Power BI - Remote,Intelligent Talent Solutions Ltd,"Birmingham, West Midlands",True,75000.0,75000.0,GBP,annual,False,,,,2026-09-04,Adzuna,https://www.adzuna.co.uk/jobs/details/5871014217?utm_medium=api&utm_source=jobaggregator,"Senior Data Engineer Microsoft Fabric | Power BI | Azure | Data & AI Remote UK | Work from anywhere in the UK | Birmingham/London travel 12 days per month £65,000-£75,000 10% bonus 7% pension benefits There are plenty of Senior Data Engineer roles where becoming senior gradually means doing less engineering. This isnt one of them. A UK Wealth Management business is modernising its enterprise data..."
66713ddd975af031,2026-09-17,2026-09-18,Data Engineer Microsoft Fabric & Power BI - Remote,Intelligent Talent Solutions Ltd,"Birmingham, West Midlands",True,65000.0,65000.0,GBP,annual,False,,,,2026-09-04,Adzuna,https://www.adzuna.co.uk/jobs/details/5871012745?utm_medium=api&utm_source=jobaggregator,"Data Engineer Microsoft Fabric | Power BI | Azure | Data & AI Remote UK | Work from anywhere in the UK | Birmingham/London travel 12 days per month £55,000 - £65,000 10% bonus 7% pension benefits Youve built your foundations as a Data Engineer. You can deliver without somebody constantly looking over your shoulder. Now you want more ownership and better exposure to where the Microsoft data..."
09664eeb98a753ee,2026-09-16,2026-09-18,Junior Data Engineer,Harnham - Data & Analytics Recruitment,Leeds,True,35000.0,45000.0,GBP,annual,False,,,,2026-09-16,Reed,https://www.reed.co.uk/jobs/junior-data-engineer/57352413,"Junior Data Engineer up to 45,000 + Benefits Remote (UK) This is a fantastic opportunity to join a high-growth technology business where you can take ownership of building and optimising modern data pipelines while developing into a key member of a growing data team. THE COMPANY Our client is an innovative technology business operating at the intersection of mobile applications, hardware..."
873903c4e25f7267,2026-09-16,2026-09-18,Senior Data Engineer SQL Snowflake - Finance,Client Server,"East London, London",True,100000.0,100000.0,GBP,annual,False,,,,2026-09-15,Adzuna,https://www.adzuna.co.uk/jobs/details/5885140477?utm_medium=api&utm_source=jobaggregator,"Senior Data Engineer (SQL Snowflake) London / WFH to £130k Are you a technologist Data Engineer with a good knowledge of software engineering best practices? You could be progressing your career in a senior, hands-on Data Engineer role at a tech driven, global Asset Manager with multiple billions of dollars under management. As a Senior Data Engineer you'll build and optimise reliable data..."
6610d601d35ee4b4,2026-09-16,2026-09-17,Senior Data Engineer,RSK Group,"Fleet Street, Central London",False,50000.0,80000.0,GBP,annual,False,,,full_time,2026-09-15,Adzuna,https://www.adzuna.co.uk/jobs/details/5885195895?utm_medium=api&utm_source=jobaggregator,"RSK Group are seeking a talented Senior Data Engineer to join our expanding Data & Analytics team. This is a full time, hybrid role (minimum 3 days per week in the office) based at our office in London - Chancery Exchange. The role will play a pivotal part in shaping and scaling our enterprise data platform, building robust data integration solutions and establishing the frameworks that will..."
1248b680acbf4ca9,2026-09-16,2026-09-17,Senior Analytics Engineer,RSK Group,"Fleet Street, Central London",False,50000.0,80000.0,GBP,annual,False,,,full_time,2026-09-15,Adzuna,https://www.adzuna.co.uk/jobs/details/5885195899?utm_medium=api&utm_source=jobaggregator,"As part of our continued growth, RSK Group are seeking a Senior Analytics Engineer to join our expanding Data & Analytics team. This is a full time, hybrid role (minimum 3 days per week in the office) based at our office in London - Chancery Exchange. You'll play a key role in shaping our data strategy, driving best practice and enabling data-driven decision-making at every level of the business...."
c213ff13bb92a9c3,2026-09-16,2026-09-18,Junior Data Engineer,Harnham - Data & Analytics Recruitment,"Birmingham, West Midlands",True,35000.0,45000.0,GBP,annual,False,,,full_time,2026-09-15,Adzuna,https://www.adzuna.co.uk/jobs/details/5885094507?utm_medium=api&utm_source=jobaggregator,"Junior Data Engineer up to £45,000 Benefits Remote (UK) This is a fantastic opportunity to join a high-growth technology business where you can take ownership of building and optimising modern data pipelines while developing into a key member of a growing data team. THE COMPANY Our client is an innovative technology business operating at the intersection of mobile applications, hardware products,..."
da61c65fea3b08a7,2026-09-16,2026-09-18,Junior Data Engineer,Harnham - Data & Analytics Recruitment,Birmingham,True,35000.0,45000.0,GBP,annual,False,,,,2026-09-15,Reed,https://www.reed.co.uk/jobs/junior-data-engineer/57350515,"Junior Data Engineer up to 45,000 + Benefits Remote (UK) This is a fantastic opportunity to join a high-growth technology business where you can take ownership of building and optimising modern data pipelines while developing into a key member of a growing data team. THE COMPANY Our client is an innovative technology business operating at the intersection of mobile applications, hardware..."
35a7246d28f48fcf,2026-09-16,2026-09-17,Data Engineering Manager,RSK Group,"Fleet Street, Central London",False,70000.0,90000.0,GBP,annual,False,,permanent,full_time,2026-09-15,Adzuna,https://www.adzuna.co.uk/jobs/details/5885195781?utm_medium=api&utm_source=jobaggregator,"As part of the RSK Groups continued growth, we are recruiting for a Data Engineering Manager to lead the development of our data platform and engineering capability. This is a full time, hybrid role (minimum 3 days per week in the office) based at our office in London - Chancery Exchange. The successful candidate will be responsible for building and managing a high-performing team, overseeing our..."
95e09bd09627e125,2026-09-16,2026-09-18,Analytics Engineer,Robert Walters,"Birmingham, West Midlands",True,64071.06,64071.06,GBP,annual,True,Adzuna estimate,contract,full_time,2026-09-15,Adzuna,https://www.adzuna.co.uk/jobs/details/5884623707?utm_medium=api&utm_source=jobaggregator,"Analytics Engineer Birmingham (remote) £40,000 to £50,000 per annum Permanent We are seeking an Analytics Engineer to join a remote team, offering you the chance to play a pivotal role in shaping the future of data reporting and analytics. This position provides an exciting opportunity to work with cutting-edge technologies such as Power BI and Snowflake, while contributing to the development of..."
301a7fcdf677c49c,2026-09-16,2026-09-18,Data Engineer,TXP Technology x People,"Telford, Shropshire",True,140400.0,140400.0,GBP,annual,False,,contract,full_time,2026-09-08,Adzuna,https://www.adzuna.co.uk/jobs/details/5875604438?utm_medium=api&utm_source=jobaggregator,"Talend Data Engineer Contract: 6 Months Location: Primarily Remote (travel to Telford approximately twice per month. Worthing may also be considered) Clearance: SC Eligible Equipment Collection: London, Manchester, or Telford Rate: £540 per day Inside IR35 We are seeking Data Engineers to support delivery within a large-scale data exploitation programme. The role will focus on developing and..."
f65cefe83d0ffc30,2026-09-15,2026-09-18,Senior Data Engineer - Finance Data,Client Server,"The City, Central London",True,100000.0,100000.0,GBP,annual,False,,,,2026-09-15,Adzuna,https://www.adzuna.co.uk/jobs/details/5884329768?utm_medium=api&utm_source=jobaggregator,"Senior Data Engineer (Python SQL AWS) London / WFH to £120k Do you have experience of building data pipelines within finance / Fintech environments? You could be progressing your career in a senior, hands-on Data Engineer role at a scaling Investment Research tech company in an impactful role with great benefits and perks. As a Senior Data Engineer you will be at the intersection of data..."
5f9366cce3f8f409,2026-09-15,2026-09-16,Senior Data Engineer,So Energy,"Gunnersbury, West London",False,60549.31,60549.31,GBP,annual,True,Adzuna estimate,,,2026-09-15,Adzuna,https://www.adzuna.co.uk/jobs/details/5884437863?utm_medium=api&utm_source=jobaggregator,"Our priority is to match the right person to the right role, and we never want salary to be a barrier to applying. Regardless of your current pay, we’ll ask about your salary expectations during the application process, and our Talent Team will have an open, honest conversation during the talent call to understand your skills and explore our salary options. If you have questions around salary,..."
d3f1083f72a3b071,2026-09-15,2026-09-18,Analytics Engineer,Robert Walters,Birmingham,True,,,,annual,False,,permanent,,2026-09-15,Reed,https://www.reed.co.uk/jobs/analytics-engineer/57347022,"Analytics Engineer Birmingham (remote) 40,000 to 50,000 per annum Permanent We are seeking an Analytics Engineer to join a remote team, offering you the chance to play a pivotal role in shaping the future of data reporting and analytics. This position provides an exciting opportunity to work with cutting-edge technologies such as Power BI and Snowflake, while contributing to the development of..."
dc058e2acd30b0d5,2026-09-15,2026-09-16,Junior Data Engineer,VIQU IT Recruitment,"London, UK",False,40000.0,60000.0,GBP,annual,False,,contract,full_time,2026-09-14,Adzuna,https://www.adzuna.co.uk/jobs/land/ad/5883862097?se=0EuxO_Ow8RGvwPmKueLd6A&utm_medium=api&utm_source=jobaggregator&v=774A37E16596EFA71CBD4552ADF4CC455EEF9DD0,"Junior Data Engineer Permanent Morela is delighted to be supporting a private, family-owned real estate investment group in the search for a Junior Data Engineer. This is a full-time, permanent position based in London, open to exceptional graduates through to candidates with up to three years' experience, offering a salary of £40,000-£60,000 depending on experience. This is not a narrow graduate..."
bbe86607ab045539,2026-09-15,2026-09-16,Junior Data Engineer,VIQU IT,"Farringdon, Central London",False,40000.0,60000.0,GBP,annual,False,,contract,full_time,2026-09-14,Adzuna,https://www.adzuna.co.uk/jobs/land/ad/5883859361?se=0EuxO_Ow8RGvwPmKueLd6A&utm_medium=api&utm_source=jobaggregator&v=9C3850D0D1D7C8F8760014A99869488FE410250C,"Junior Data Engineer Permanent Morela is delighted to be supporting a private, family-owned real estate investment group in the search for a Junior Data Engineer. This is a full-time, permanent position based in London, open to exceptional graduates through to candidates with up to three years' experience, offering a salary of £40,000-£60,000 depending on experience. This is not a narrow graduate..."
963cce333cd90159,2026-09-15,2026-09-18,Junior Data Engineer,Harnham - Data & Analytics Recruitment,"Manchester, Greater Manchester",True,45000.0,55000.0,GBP,annual,False,,,full_time,2026-09-14,Adzuna,https://www.adzuna.co.uk/jobs/land/ad/5883869681?se=1vKSPvOw8RGvwPmKueLd6A&utm_medium=api&utm_source=jobaggregator&v=DEDB7CF65CF6840D3F113172F028590E842E15AF,"Junior Data Engineer up to £55,000 Benefits Remote (UK) This is a fantastic opportunity to join a high-growth technology business where you can take ownership of building and optimising modern data pipelines while developing into a key member of a growing data team. THE COMPANY Our client is an innovative technology business operating at the intersection of mobile applications, hardware products,..."
2d51c53a4f8a960e,2026-09-15,2026-09-18,Junior Data Engineer,Harnham - Data & Analytics Recruitment,Manchester,True,45000.0,55000.0,GBP,annual,False,,,,2026-09-14,Reed,https://www.reed.co.uk/jobs/junior-data-engineer/57344172,"Junior Data Engineer up to 55,000 + Benefits Remote (UK) This is a fantastic opportunity to join a high-growth technology business where you can take ownership of building and optimising modern data pipelines while developing into a key member of a growing data team. THE COMPANY Our client is an innovative technology business operating at the intersection of mobile applications, hardware..."
105a549a6419d388,2026-09-15,2026-09-15,Data Engineer,Hays,"London, UK",True,127140.0,127140.0,GBP,annual,False,,contract,,2026-09-14,Adzuna,https://www.adzuna.co.uk/jobs/details/5883904260?utm_medium=api&utm_source=jobaggregator,Your new company I'm looking for a Data Engineer who can support our client on a project. The rate is £489 per day inside scope of IR35. This role requires someone who already has active SC Clearance with a government body. The role is fully remote working. Anyone who doesn't have SC Clearance will not be considered. Your new role Role descriptionAs a Data Engineer in the AttRep Team you will...
9bb0cfc66b40ed65,2026-09-15,2026-09-15,Data Engineer,AMS CWS,"London, UK",False,49767.23,49767.23,GBP,annual,True,Adzuna estimate,contract,,2026-09-14,Adzuna,https://www.adzuna.co.uk/jobs/details/5883901343?utm_medium=api&utm_source=jobaggregator,"AMS is a global workforce solutions partner committed to creating inclusive, dynamic, and future-ready workplaces. We help organizations adapt, grow, and thrive in an ever-evolving world by building, shaping, and optimizing diverse talent strategies. AMS is supporting a leading global consulting firm in hiring an experienced Data Engineer for an initial 12-month contract. (Offices in..."
ffff946e4d9b9ee6,2026-09-15,2026-09-18,Data Engineer,Step 2 Recruitment LTD,"London, UK",False,50000.0,85000.0,GBP,annual,False,,permanent,,2026-09-14,Adzuna,https://www.adzuna.co.uk/jobs/land/ad/5883862157?se=0EuxO_Ow8RGvwPmKueLd6A&utm_medium=api&utm_source=jobaggregator&v=C1F466913C8422DAF5BB00EC53BE93F29D352BF9,Job Description: Data Engineer Location: London/Hybrid – Office two days per week We’re hiring data engineers who want to take ownership in a fast-scaling startup About Clariti AI Clariti AI is a B2B SaaS company providing price optimisation software to retail banks. We help banks make pricing decisions on products like mortgages and savings. Our pricing software guides clients to price...
4aa8f884ebcfedaa,2026-09-15,2026-09-15,Data Engineer,Tec Partners Recruitment Ltd,"Farringdon, Central London",False,117000.0,143000.0,GBP,annual,False,,contract,,2026-09-14,Adzuna,https://www.adzuna.co.uk/jobs/land/ad/5883859566?se=0EuxO_Ow8RGvwPmKueLd6A&utm_medium=api&utm_source=jobaggregator&v=788CA6E98EFABE16C87FE22BA101B0649BC45ED4,"Job Title: Data Engineer Location: London, UK (3 days per week on-site) Rate: £450 - £550 per day, Outside IR35 (dependent on experience) Duration: 6 months Tec Partners are working with a leading technology client, who are currently looking for an experienced Data Engineer to work on a customer assignment to modernise their data platform, and enable AI-driven automation across workflows on..."
bd9e34b5fb4b01ab,2026-09-15,2026-09-18,Data Engineer,IO,"The City, Central London",True,70000.0,80000.0,GBP,annual,False,,,full_time,2026-09-14,Adzuna,https://www.adzuna.co.uk/jobs/land/ad/5883807229?se=0EuxO_Ow8RGvwPmKueLd6A&utm_medium=api&utm_source=jobaggregator&v=CA6D8E9DD80DD05049BAF372415B94D676B3404F,"Data Engineer | Lloyd’s Broker | London/WFH | £70 – 80,000 (doe) Our Client is a boutique Lloyd’s broker, who are renowned for fostering a culture of technological advancement, collaborative growth, and industry recognition are now seeking a Data Engineer to join the team. A pivotal role has arisen due to strategic growth initiatives focused on enhancing data infrastructure and analytics..."
c89f9fdb67debea9,2026-09-14,2026-09-14,"Director, Data Engineering - RWD",Parexel,"London, UK",False,106779.96,106779.96,GBP,annual,True,Adzuna estimate,,full_time,2026-09-14,Adzuna,https://www.adzuna.co.uk/jobs/details/5883458806?utm_medium=api&utm_source=jobaggregator,"When our values align, there's no limit to what we can achieve. At Parexel, we all share the same goal - to improve the world's health. From clinical trials to regulatory, consulting, and market access, every clinical development solution we provide is underpinned by something special - a deep conviction in what we do. Each of us, no matter what we do at Parexel, contributes to the development of..."
804d287f9ba22549,2026-09-14,2026-09-14,Scientific Data Engineer,Joynes & Hunt,"London, UK",False,38118.94,38118.94,GBP,annual,True,Adzuna estimate,permanent,full_time,2026-09-13,Adzuna,https://www.adzuna.co.uk/jobs/details/5882737185?utm_medium=api&utm_source=jobaggregator,"Scientific Data Engineer Location: London (On-site) | Type: Permanent, Full-Time | Sector: R&D Data Science, Biopharma Confidential Search — handled by Joynes & Hunt About the Opportunity Our client is a growing biopharmaceutical business investing heavily in digitalisation across its R&D function. They're looking for a Scientific Data Engineer to join their Data Science team, splitting time..."
395a4f7e39f27b24,2026-09-14,2026-09-14,Data Engineer - Security & Intelligence,Envitia,"London, UK",False,50950.35,50950.35,GBP,annual,True,Adzuna estimate,,full_time,2026-09-13,Adzuna,https://www.adzuna.co.uk/jobs/details/5882767539?utm_medium=api&utm_source=jobaggregator,"Join the Growth Story at Envitia Envitia operates at the heart of the UK’s most sensitive and high-profile operations. Our approach is entirely mission-focused, enabling customers to see more, decide faster, and act with confidence across complex domains. We deliver situational awareness and information advantage across C5ISR, fusing cyber, geospatial, and kinetic data into an operational..."
785d6b414f87a6e2,2026-09-13,2026-09-13,Palantir Data Engineer,EXL,"London, UK",False,56693.75,56693.75,GBP,annual,True,Adzuna estimate,permanent,full_time,2026-09-12,Adzuna,https://www.adzuna.co.uk/jobs/details/5881144876?utm_medium=api&utm_source=jobaggregator,"Description EXL (NASDAQ: EXLS) is a global data and artificial intelligence (""AI"") company that offers services and solutions to reinvent client business models, drive better outcomes and unlock growth with speed. EXL harnesses the power of data, AI, and deep industry knowledge to transform businesses, including the world’s leading corporations in industries including insurance, healthcare,..."
a81807497640f0c4,2026-09-12,2026-09-12,Sr.Data Engineer,Cognizant,"London, UK",False,47087.86,47087.86,GBP,annual,True,Adzuna estimate,,,2026-09-12,Adzuna,https://www.adzuna.co.uk/jobs/details/5880429427?utm_medium=api&utm_source=jobaggregator,"Excellent opportunity Data Engineers for to be part of Cognizant's Intelligent Process Automation practice, It combines advisory services with deep vendor partnerships and integrated solutions to create and execute strategic roadmaps. Key Responsibilities: Gather business requirements, perform detailed analysis, and produce associated functional specifications across multiple functions Architect,..."
dcb3c7a5932edb28,2026-09-12,2026-09-12,Senior Data Engineer - Data Science Platform,ASOS,"London, UK",False,59126.94,59126.94,GBP,annual,True,Adzuna estimate,,,2026-09-12,Adzuna,https://www.adzuna.co.uk/jobs/details/5880785766?utm_medium=api&utm_source=jobaggregator,"Job Description As a Senior Data Engineer, you’ll focus on designing and implementing scalable, reusable data pipelines, platform components, and data engineering standards that enable reliable, secure, and high-quality data solutions across the organisation. You’ll work closely with Data Scientists, Analysts, and Engineers embedded in product teams such as Forecasting, Recommendations,..."
79f8f36ee794a229,2026-09-12,2026-09-12,Senior Databricks Data Engineer - London - £85K,Tenth Revolution Group,"Richmond, West London",False,80000.0,85000.0,GBP,annual,False,,,full_time,2026-09-11,Adzuna,https://www.adzuna.co.uk/jobs/land/ad/5880096400?se=Llw6DpCu8RGuc42MGaSpcg&utm_medium=api&utm_source=jobaggregator&v=F1642C5083E15CB2BCADC7ECC65EF0DC84554C03,"Senior Databricks Data Engineer - London - £85K I'm currently recruiting for an experienced Senior Data Engineer with strong hands-on Databricks experience to join a growing data platform team. You'll play a key role in designing, building and optimising production-grade data pipelines across Databricks, Spark and Delta Lake, while helping shape the engineering standards and architecture behind..."
6cac4a108edd7d67,2026-09-12,2026-09-18,Senior Data Engineer Databricks,Ecruit,UK,True,51649.16,51649.16,GBP,annual,True,Adzuna estimate,,,2026-09-11,Adzuna,https://www.adzuna.co.uk/jobs/details/5880121241?utm_medium=api&utm_source=jobaggregator,"Senior Data Engineer Databricks | Competitive Salary | UK (Remote) Are you an experienced Data Engineer who enjoys turning complex data into reliable, scalable solutions? Do you have strong hands-on experience with Databricks, PySpark, Python and SQL? The role 7Dxperts is looking for a Senior Data Engineer Databricks to join our UK team. Youll build and improve data pipelines that solve real..."
dbc12a629db55981,2026-09-12,2026-09-12,Senior Data Engineer - Data Science,Data Idols,"London, UK",False,75000.0,85000.0,GBP,annual,False,,permanent,full_time,2026-09-11,Adzuna,https://www.adzuna.co.uk/jobs/details/5880114946?utm_medium=api&utm_source=jobaggregator,Senior Data Engineer Location: London|Hybrid Salary: £75K - £85K Data Idols are working with a leading organisation that is continuing to invest heavily in its data and technology capabilities. They are looking for a Senior Data Engineer to join a growing data function and help build the platforms and solutions behind high-impact Data Science and analytics products. This is an opportunity to work...
d83fa952811f1f52,2026-09-12,2026-09-14,Lead Analytics Engineer,Allica Bank,"London, UK",False,46117.55,46117.55,GBP,annual,True,Adzuna estimate,,full_time,2026-09-11,Adzuna,https://www.adzuna.co.uk/jobs/details/5879923098?utm_medium=api&utm_source=jobaggregator,"About Allica Bank Allica is the UK’s fastest growing company - and the fastest-growing financial technology (Fintech) firm ever. Our purpose is to help established SMEs, one of the last major underserved opportunities in Fintech. Established SMEs are the backbone of local communities - representing over a third of our economy - yet have been largely neglected both by traditional high street banks..."
0c4f38af59171e45,2026-09-12,2026-09-12,Database/Data Engineer,Salt,"South East London, London",False,59800.0,59800.0,GBP,annual,False,,contract,,2026-09-11,Adzuna,https://www.adzuna.co.uk/jobs/land/ad/5880235114?se=Llw6DpCu8RGuc42MGaSpcg&utm_medium=api&utm_source=jobaggregator&v=C62DF5F4F36293F632A80F2E7DC2E624645B98FD,"Data/ Database Engineer - RDBMS & NoSQL Hybrid - 3 days onsite | Financial Services | Contract / Permanent We're looking for an experienced Senior Database Engineer to join a major financial services technology and data transformation programme. This is not a traditional BAU DBA role . You'll work closely with application teams and Data Architects to design, engineer and deploy database solutions..."
f2f37317273672b6,2026-09-12,2026-09-12,Database/Data Engineer,Salt Search,"London, UK",False,59800.0,59800.0,GBP,annual,False,,permanent,full_time,2026-09-11,Adzuna,https://www.adzuna.co.uk/jobs/land/ad/5880096558?se=Llw6DpCu8RGuc42MGaSpcg&utm_medium=api&utm_source=jobaggregator&v=71132CFBD53041D83445C8902FBE19572F1F22EA,"Data/ Database Engineer - RDBMS & NoSQL Hybrid - 3 days onsite | Financial Services | Contract / Permanent We're looking for an experienced Senior Database Engineer to join a major financial services technology and data transformation programme. This is not a traditional BAU DBA role . You'll work closely with application teams and Data Architects to design, engineer and deploy database solutions..."
a54c3fd911c68e63,2026-09-12,2026-09-18,Data Engineer,Harnham - Data & Analytics Recruitment,"Bristol, South West England",True,45000.0,55000.0,GBP,annual,False,,,full_time,2026-09-11,Adzuna,https://www.adzuna.co.uk/jobs/land/ad/5879692324?se=XHDIEJCu8RG6zpJmISbWrA&utm_medium=api&utm_source=jobaggregator&v=945DE05E801B23EDE2F015AEDEC723B6580C7F84,"Data Engineer up to £55,000 Benefits Remote (UK) This is a fantastic opportunity to join a high-growth technology business where you can take ownership of building and optimising modern data pipelines while developing into a key member of a growing data team. THE COMPANY Our client is an innovative technology business operating at the intersection of mobile applications, hardware products, and..."
aed466d1772216e3,2026-09-12,2026-09-18,Data Engineer,Harnham - Data & Analytics Recruitment,"Birmingham, West Midlands",True,45000.0,55000.0,GBP,annual,False,,,full_time,2026-09-11,Adzuna,https://www.adzuna.co.uk/jobs/land/ad/5879692318?se=XHDIEJCu8RG6zpJmISbWrA&utm_medium=api&utm_source=jobaggregator&v=670963ED2F27CC0E7344E697A0DBCBDE8CAD4B1E,"Data Engineer up to £55,000 Benefits Remote (UK) This is a fantastic opportunity to join a high-growth technology business where you can take ownership of building and optimising modern data pipelines while developing into a key member of a growing data team. THE COMPANY Our client is an innovative technology business operating at the intersection of mobile applications, hardware products, and..."
11b70576ba19ef30,2026-09-12,2026-09-18,Data Engineer,Harnham - Data & Analytics Recruitment,"Manchester, Greater Manchester",True,45000.0,55000.0,GBP,annual,False,,,full_time,2026-09-11,Adzuna,https://www.adzuna.co.uk/jobs/land/ad/5879692317?se=XHDIEJCu8RG6zpJmISbWrA&utm_medium=api&utm_source=jobaggregator&v=5F300B282426921CAC8988B11D88E43FB6EEE9FA,"Data Engineer up to £55,000 Benefits Remote (UK) This is a fantastic opportunity to join a high-growth technology business where you can take ownership of building and optimising modern data pipelines while developing into a key member of a growing data team. THE COMPANY Our client is an innovative technology business operating at the intersection of mobile applications, hardware products, and..."
98e1f0574314f697,2026-09-12,2026-09-14,Analytics Engineer,Liberis,"London, UK",False,59565.11,59565.11,GBP,annual,True,Adzuna estimate,,,2026-09-11,Adzuna,https://www.adzuna.co.uk/jobs/details/5879939008?utm_medium=api&utm_source=jobaggregator,"Some key info for you about Liberis: We were founded in 2007 We have provided over $3bn of funding to small businesses so far We have been named in CNBC & Statista Top 150 UK Fintechs for 2025 We're a global team, with a dynamic presence in 6 key locations around the world We're a thriving community of over 290 innovative minds We're a vibrant melting pot, celebrating over 27 nationalities in our..."
e31e7355c23b8405,2026-09-11,2026-09-11,Senior Data Engineer,hireful,"Farringdon, Central London",False,75000.0,85000.0,GBP,annual,False,,,full_time,2026-09-11,Adzuna,https://www.adzuna.co.uk/jobs/land/ad/5879498342?se=uJrLAcut8RGhfdMHp3AAwA&utm_medium=api&utm_source=jobaggregator&v=5BB3A4098463E09984DE9E5550E3D42E1FABC551,"UK HQ based & fast-growing software business (400 staff, globally), serving hundreds of enterprise customers worldwide, are looking for a Senior Data Engineer to help shape the future of its data platform. You'll take ownership of building scalable data solutions in Databricks primarily, establishing a single source of truth, and enabling trusted, self-service access to data across the business...."
d1f6082f6926d3fa,2026-09-11,2026-09-11,Data Engineer,Inforcer,"Richmond, West London",False,58368.86,58368.86,GBP,annual,True,Adzuna estimate,,,2026-09-11,Adzuna,https://www.adzuna.co.uk/jobs/details/5879268703?utm_medium=api&utm_source=jobaggregator,About Us inforcer is one of the fastest growing technology organisations in the world and a leading provider of cutting-edge cybersecurity and AI solutions to support to the SMB market. We provide MSPs (Managed Service Providers) with the fundamental technology they need to manage and secure Microsoft 365 at scale and deliver AI services. Our mission is to be inforced in every MSP! About the Role...
c730dbd0c6a33e03,2026-09-11,2026-09-18,Data Engineer,Harnham - Data & Analytics Recruitment,Birmingham,True,45000.0,55000.0,GBP,annual,False,,,,2026-09-11,Reed,https://www.reed.co.uk/jobs/data-engineer/57335183,"Data Engineer up to 55,000 + Benefits Remote (UK) This is a fantastic opportunity to join a high-growth technology business where you can take ownership of building and optimising modern data pipelines while developing into a key member of a growing data team. THE COMPANY Our client is an innovative technology business operating at the intersection of mobile applications, hardware products, and..."
1ab65b205becf683,2026-09-11,2026-09-18,Data Engineer,Harnham - Data & Analytics Recruitment,Bristol,True,45000.0,55000.0,GBP,annual,False,,,,2026-09-11,Reed,https://www.reed.co.uk/jobs/data-engineer/57335195,"Data Engineer up to 55,000 + Benefits Remote (UK) This is a fantastic opportunity to join a high-growth technology business where you can take ownership of building and optimising modern data pipelines while developing into a key member of a growing data team. THE COMPANY Our client is an innovative technology business operating at the intersection of mobile applications, hardware products, and..."
71290c851d2d3951,2026-09-11,2026-09-18,Data Engineer,Harnham - Data & Analytics Recruitment,Manchester,True,45000.0,55000.0,GBP,annual,False,,,,2026-09-11,Reed,https://www.reed.co.uk/jobs/data-engineer/57335181,"Data Engineer up to 55,000 + Benefits Remote (UK) This is a fantastic opportunity to join a high-growth technology business where you can take ownership of building and optimising modern data pipelines while developing into a key member of a growing data team. THE COMPANY Our client is an innovative technology business operating at the intersection of mobile applications, hardware products, and..."
5b5d6f7c668f7e34,2026-09-11,2026-09-12,Senior Defence Analytics Engineer,Leonardo,"London, UK",False,70338.51,70338.51,GBP,annual,True,Adzuna estimate,permanent,full_time,2026-09-10,Adzuna,https://www.adzuna.co.uk/jobs/details/5878702542?utm_medium=api&utm_source=jobaggregator,"Job Description: The opportunity: Our Central London team is looking for talented and enthusiastic modelling and simulation practitioners to create and integrate weapon system models for our UK Ministry of Defence (MOD) customer. The role will suit either recent STEM graduates, postgraduates, or those with relevant industry experience of engineering models who wish to apply their abilities in an..."
4ab410df55dcd875,2026-09-11,2026-09-11,Senior Data Engineer,Super Payments,"London, UK",False,91999.62,91999.62,GBP,annual,True,Adzuna estimate,,,2026-09-10,Adzuna,https://www.adzuna.co.uk/jobs/details/5878628256?utm_medium=api&utm_source=jobaggregator,"Super Payments Super Payments is the only global fintech platform providing 0% processing fees for merchants. Our mission is to use data and AI to make payments free for businesses, so that everyone wins . At Super, we are disrupting payments, like Spotify did to music and Robinhood did to trading. We don't make money from transaction fees; instead, we monetise through value-added services such..."
4c16d3930de95c74,2026-09-11,2026-09-18,Senior Data Engineer,Morgan McKinley,London,True,80000.0,85000.0,CAD,annual,False,,,,2026-09-10,Reed,https://www.reed.co.uk/jobs/senior-data-engineer/57331452,"I'm currently looking for a Senior Data Engineer to come on board for a growing client who is going on a transformation journey. You will play a key role in designing, building, and scaling the enterprise data platform that underpins analytics, reporting, automation, and AI initiatives across the business. This role will be remote - once a month travel into the office. Job Overview/Technical Spec..."
3fa91434892f8842,2026-09-11,2026-09-11,Senior Analytics Engineer,Perk,"London, UK",False,70098.03,70098.03,GBP,annual,True,Adzuna estimate,,full_time,2026-09-10,Adzuna,https://www.adzuna.co.uk/jobs/details/5878632454?utm_medium=api&utm_source=jobaggregator,"About Us Perk (formerly TravelPerk) is the intelligent platform for travel and spend management. Built to tackle the time-consuming, manual work that gets in the way of real work, our tools automate everything from travel bookings to expenses, invoice processing, and more. By eliminating this shadow work that wastes hours, erodes morale, and saps innovation, we're on a mission to power real work,..."
e55be0eed05963eb,2026-09-11,2026-09-11,Senior Analytics Engineer,Global,"Chinatown, West London",False,58000.0,98000.0,GBP,annual,False,,,full_time,2026-09-10,Adzuna,https://www.adzuna.co.uk/jobs/details/5878317250?utm_medium=api&utm_source=jobaggregator,"Salary: £58,000 - 98,000 per year Requirements: Interest in new technology, including software development, data analysis, and solving problems with technology Enthusiasm for cloud computing, serverless technologies, algorithms, microservices, and containerisation Strong communication skills Ability to think creatively and see the bigger picture Ability to work well independently and in teams..."
2e22f1f6dd10ff92,2026-09-11,2026-09-11,Senior Analytics Engineer,Manual,"Bankside, South East London",False,63000.0,69000.0,GBP,annual,False,,,full_time,2026-09-10,Adzuna,https://www.adzuna.co.uk/jobs/details/5878317167?utm_medium=api&utm_source=jobaggregator,"Salary: £63,000 - 69,000 per year Requirements: We are looking for a senior analytics engineer, data engineer, or someone in a closely related role with 3 years of experience. You have advanced SQL skills and can design, optimise, and debug complex queries with confidence. You have hands-on experience with dbt or Dataform and a strong track record of building scalable, well-structured data..."
4ae36b89bc6b973b,2026-09-11,2026-09-11,Senior Analytics Engineer,SoSafe Cyber Security Awareness,"Blackfriars, Central London",False,60000.0,100000.0,GBP,annual,False,,,full_time,2026-09-10,Adzuna,https://www.adzuna.co.uk/jobs/details/5878316826?utm_medium=api&utm_source=jobaggregator,"Salary: £60,000 - 100,000 per year Requirements: 5 years in analytics engineering or data engineering with a strong focus on data modeling Strong proficiency in dbt and SQL, including building modular, well-tested models Solid understanding of dimensional modeling and metric design Experience working with cloud data warehouses such as BigQuery, Snowflake, or Redshift Experience with metrics or..."
a1a08588e07e9e3c,2026-09-11,2026-09-11,Lead Data Engineer,FBI &TMT,"Kingston Upon Thames, South West London",True,85000.0,85000.0,GBP,annual,False,,permanent,full_time,2026-09-10,Adzuna,https://www.adzuna.co.uk/jobs/details/5878469326?utm_medium=api&utm_source=jobaggregator,"Lead Data Engineer (Databricks) Salary £65,000 Type Full time, permanent Hours 37.5 per week Location Remote or Hybrid UK, with occasional Richmond office attendance (a couple of times per month) Overview We are looking for a Lead Data Engineer to join the Retail Insight Data and Engineering team and own the architecture and development of our Databricks environment. This is a senior, hands on..."
20f8c366119920f7,2026-09-11,2026-09-11,Lead Data Analytics Engineer,Collinson Group,"Tower Bridge, East London",False,47000.0,87000.0,GBP,annual,False,,,full_time,2026-09-10,Adzuna,https://www.adzuna.co.uk/jobs/details/5878317346?utm_medium=api&utm_source=jobaggregator,"Salary: £47,000 - 87,000 per year Requirements: Strong hands-on Analytics Engineering/Data Engineering experience with deep expertise in data modelling, Snowflake, dbt and SQL. Proven experience building automation, reusable engineering frameworks and scalable analytical architectures. Strong technical leadership experience, including influencing multiple teams, solving complex engineering..."
b415e09098718b73,2026-09-11,2026-09-12,Embedded Data Engineer - ML,Trainline,"London, UK",False,60000.0,67500.0,GBP,annual,False,,,full_time,2026-09-10,Adzuna,https://www.adzuna.co.uk/jobs/details/5878704425?utm_medium=api&utm_source=jobaggregator,"About us At Trainline, our purpose is to empower greener travel choices, connecting people and places. Trainline enables millions of travellers to find and book the best value tickets across carriers, fares, and journey options through our highly rated mobile app, website, and B2B partner channels. Great journeys start with Trainline We’re Europe’s leading independent rail platform, helping..."
1ac7b0d801c66b21,2026-09-11,2026-09-14,Data Engineer,SmartSourcing Ltd,"Canary Wharf, East London",False,45000.0,54150.0,GBP,annual,False,,contract,,2026-09-10,Adzuna,https://www.adzuna.co.uk/jobs/land/ad/5878830374?se=4vWfAsut8RG1LZ5uuUmxfw&utm_medium=api&utm_source=jobaggregator&v=44DE4E66A1A9F8F20CE3023D2DC6BFE62E9D4BDD,"Cloud Data Engineer (Python) Up to £54,150 per annum excellent pension | Hybrid working | London, Manchester, Cardiff, Belfast, Edinburgh or Darlington Are you an experienced Data or Software Engineer with hands-on experience of: Python and end to end Cloud deployment, looking for a role where your work can make a real difference? Our Government client is looking for a Data Engineer to join its..."
6306a13750ec5d44,2026-09-11,2026-09-18,Data Engineer,Lancesoft Europe,"London, UK",True,93600.0,104000.0,GBP,annual,False,,,,2026-09-10,Adzuna,https://www.adzuna.co.uk/jobs/details/5878820024?utm_medium=api&utm_source=jobaggregator,"Data Engineer UK Remote Duration: until April 2027 Rate: 50.00/hour on PAYE Responsibilities Work with the Marketing and Communications organization and the Data Science team, translating their needs into tangible analytical solutions Design and Develop data models, pipelines, dashboards, and other analytic solutions to support client's Marketing programs and campaigns Solve data integration..."
c9db3f147648b502,2026-09-11,2026-09-12,"Cloud Data Engineer - Cloud, Python",SmartSourcing PLC,"East London, London",False,50000.0,50000.0,GBP,annual,False,,contract,,2026-09-10,Adzuna,https://www.adzuna.co.uk/jobs/details/5878871187?utm_medium=api&utm_source=jobaggregator,"Cloud Data Engineer (Python) Up to £54,150 per annum excellent pension | Hybrid working | London, Manchester, Cardiff, Belfast, Edinburgh or Darlington Are you an experienced Data or Software Engineer with hands-on experience of: Python and end to end Cloud deployment, looking for a role where your work can make a real difference? Our Government client is looking for a Data Engineer to join its..."
009488b7da719233,2026-09-11,2026-09-11,Analytics Engineer,Global Media Group,"Holborn, Central London",False,65590.9,65590.9,GBP,annual,True,Adzuna estimate,,full_time,2026-09-10,Adzuna,https://www.adzuna.co.uk/jobs/details/5878627765?utm_medium=api&utm_source=jobaggregator,"Accepting applications until: 9 October 2026 Job Description Analytics Engineer We are Global At Global, we think big, work hard, and never stand still. We’re the proud home of the best media and entertainment, driven by our talented and passionate people. Our mission? To make everyone’s day brighter — our Globallers, our audiences, our partners, and our communities. Whether we’re in the studio,..."
63b3dd519f84c6b1,2026-09-11,2026-09-18,"Data Engineer, Vice President",Hackajob Ltd,"South East London, London",False,91433.52,91433.52,GBP,annual,True,Adzuna estimate,permanent,,2026-08-25,Adzuna,https://www.adzuna.co.uk/jobs/land/ad/5855112362?se=jPRUBMut8RGTBpFgKqCmAw&utm_medium=api&utm_source=jobaggregator&v=4C48CF44D7D061C34DD4E0E235AA071816F17A36,"hackajob is partnering directly with BlackRock to hire for this role. About this role Preqin is a leading provider of private markets data and analytics and part of BlackRock. It delivers trusted data, benchmarks, and insights that support decision-making across the full private markets investment lifecycle. With comprehensive global coverage across private equity, private credit, real estate,..."
157fd98553ac10a2,2026-09-10,2026-09-10,Senior Data Engineer,Atom Learning,"Fleet Street, Central London",False,66469.72,66469.72,GBP,annual,True,Adzuna estimate,,,2026-09-10,Adzuna,https://www.adzuna.co.uk/jobs/details/5878135309?utm_medium=api&utm_source=jobaggregator,"About Atom Learning We're Atom Learning and our mission is to help every child reach their potential. We combine exceptional teacher-made content with technology, data science and machine learning to make high-quality, personalised education more accessible. Our aim is to give every child access to the kind of insight, support and individualised learning that was once largely limited to expensive..."
3cb0c84d43cf974e,2026-09-10,2026-09-15,"Data Engineer, Product Analytics",Meta,"London, UK",False,81244.21,81244.21,GBP,annual,True,Adzuna estimate,,,2026-09-10,Adzuna,https://www.adzuna.co.uk/jobs/details/5877814437?utm_medium=api&utm_source=jobaggregator,"Summary: As a Data Engineer at Meta, you will shape the future of people-facing and business-facing products we build across our entire family of applications (Facebook, Instagram, Messenger, WhatsApp, Reality Labs, Threads). Your technical skills and analytical mindset will be utilized designing and building large-scale data sets, helping to craft experiences for billions of people and hundreds..."
ad4262b19071eedb,2026-09-10,2026-09-10,Data Engineer (SC Cleared),Sanderson Government and Defence,"The City, Central London",False,75000.0,75000.0,GBP,annual,False,,contract,,2026-09-10,Adzuna,https://www.adzuna.co.uk/jobs/details/5877991600?utm_medium=api&utm_source=jobaggregator,"Data Engineer (SC Cleared) Salary: £60,000 - £75,000 DOE Location: Hybrid - London (2-3 days per week in the office) Clearance Required: Active SC Clearance (essential) The Opportunity We are seeking an experienced Data Engineer with live SC clearance to join a high-profile programme on an initial 6-month contract. This is an excellent opportunity to work within a collaborative delivery team,..."
15515010e54ee069,2026-09-10,2026-09-10,Data Engineer,Pennon Group,"Redhill, Surrey",False,40000.0,50000.0,GBP,annual,False,,,full_time,2026-09-10,Adzuna,https://www.adzuna.co.uk/jobs/land/ad/5877879891?se=rC-nrQGt8RGUe8QNhRYD5g&utm_medium=api&utm_source=jobaggregator&v=EB918DE698B3B697D9C38CD55855C7C25B316D78,"Powered by Water, Driven by Purpose SES Business Water provides water and wastewater services for businesses across England and Scotland. Our customers include major high street retailers, supermarkets, hospitality and leisure, local and national government, NHS, independent schools, manufacturing, food processing and an international airport. We’re proud to be part of Pennon Group, a leader in..."
adff9ba7b2b70ba3,2026-09-10,2026-09-10,Azure Data Engineer,Understanding Recruitment,"North London, London",False,50000.0,50000.0,GBP,annual,False,,permanent,,2026-09-10,Adzuna,https://www.adzuna.co.uk/jobs/details/5877989971?utm_medium=api&utm_source=jobaggregator,"Azure Data Engineer Salary: £44,000 - £54,000 Including London Weighting London Permanent I'm currently working with a well-known national charity looking to hire an Azure Data Engineer to join their data and technology team during a significant transformation programme. The organisation is moving towards a Microsoft-based technology stack and is looking for someone who can help develop a more..."
d8b4b6a2e1403c94,2026-09-10,2026-09-18,"Senior Data Engineer (MS Fabric / SQL / Python) ** HYBRID - 2 DAYS IN OFFICE ** - £60,000 - £70,000+",Prize Placements,WD171AA,False,60000.0,70000.0,GBP,annual,False,,,,2026-09-09,Reed,https://www.reed.co.uk/jobs/senior-data-engineer-ms-fabric-sql-python--hybrid-2-days-in-office--60000-70000/57327723,"Senior Data Engineer (Fabric, SQL, Python) Hybrid (2 days in Office) Location: Hertfordshire Salary: 60,000 - 65,000+ / 20% Bonus Prize Placements are currently working alongside a global leader who are looking to recruit a Senior Data Engineer with expertise working with MS Fabric, SQL and Python. We are looking for an experienced engineer who can drive the automated data pipeline development..."
d1ee6f091d1edfed,2026-09-10,2026-09-10,Senior Analytics Engineer,ITV,"London, UK",False,72043.08,72043.08,GBP,annual,True,Adzuna estimate,contract,full_time,2026-09-09,Adzuna,https://www.adzuna.co.uk/jobs/details/5877267297?utm_medium=api&utm_source=jobaggregator,"Description Workplace: London, White City. Expecation is 2 days in the office. 12 Month Fixed-Term Contract Main purpose of the role: The ITV Insights Group will lead the business in putting insight in every key decision. For example; What content should we commission? Which audience is most commercially attractive for us? How do we optimise our product to improve view through rates? The answers..."
d9ea0fa425852550,2026-09-10,2026-09-10,Senior Analytics Engineer,Lloyds Banking Group,"Liverpool Street, Central London",False,44000.0,76000.0,GBP,annual,False,,,full_time,2026-09-09,Adzuna,https://www.adzuna.co.uk/jobs/details/5877053798?utm_medium=api&utm_source=jobaggregator,"Salary: £44,000 - 76,000 per year Requirements: 5 years experience in analytics engineering, data engineering, or a related discipline Deep hands-on expertise using dbt as a primary transformation tool Expert-level SQL skills and experience modelling large-scale datasets in a cloud data warehouse Strong experience with BigQuery, including incremental models, partitioning, and cost optimisation..."
93195321a4f9b41f,2026-09-10,2026-09-15,Lead Data Engineer,VANRATH,"Belfast, Northern Ireland",True,60000.0,60000.0,GBP,annual,False,,,,2026-09-09,Adzuna,https://www.adzuna.co.uk/jobs/details/5877136630?utm_medium=api&utm_source=jobaggregator,"Lead Data Engineer An established and growing organisation is investing heavily in its Data & Analytics capability and is now seeking an experienced Data Engineering Team Lead to join its team. This is a fully remote opportunity for an experienced data professional with a proven track record of leading Data Engineering teams, providing technical direction and delivering scalable data solutions..."
8bd9c178e51c2547,2026-09-10,2026-09-10,Junior Data Engineer,Harnham - Data & Analytics Recruitment,"London, UK",False,49677.66,49677.66,GBP,annual,True,Adzuna estimate,,,2026-09-09,Adzuna,https://www.adzuna.co.uk/jobs/land/ad/5877476201?se=rC-nrQGt8RGUe8QNhRYD5g&utm_medium=api&utm_source=jobaggregator&v=755FFFF0EBAE7E0E9A86EF48FE5B130D971B27B2,"Junior Data Engineer up to £45,000 4 days in London This is a fantastic opportunity to join a high-growth InsurTech where you'll take ownership of building customer-facing products from day one across multiple insurance lines. THE COMPANY: This B-Corp certified InsureTech business places sustainability, fairness, and customer experience at the heart of everything they build, and are now looking..."
b6aeb4cb1c1b63a0,2026-09-10,2026-09-10,Databricks Data Engineer | Real Estate Investment - Contract,Marks Sattin,"London, UK",False,156000.0,182000.0,GBP,annual,False,,,full_time,2026-09-09,Adzuna,https://www.adzuna.co.uk/jobs/land/ad/5877440066?se=rC-nrQGt8RGUe8QNhRYD5g&utm_medium=api&utm_source=jobaggregator&v=FFB4289D9E26CA90A04777B44D788FFF44E2DE34,"Senior Databricks Data Engineer | Global Real Estate Investment Manager | London (Hybrid) Marks Sattin is partnering with a global real estate investment and asset management organisation undergoing a significant transformation of its data estate. As part of a wider modernisation programme, the business is migrating critical real estate data capabilities from legacy SQL Server environments into a..."
8c4ca563b1356663,2026-09-10,2026-09-10,Data Engineer,BDO,"London, UK",False,70211.5,70211.5,GBP,annual,True,Adzuna estimate,,full_time,2026-09-09,Adzuna,https://www.adzuna.co.uk/jobs/details/5877269342?utm_medium=api&utm_source=jobaggregator,"Ideas | People | Trust We’re BDO. An accountancy and business advisory firm, providing the advice and solutions entrepreneurial organisations need to navigate today’s changing world. We work with the companies that are Britain’s economic engine – ambitious, entrepreneurially-spirited and high growth businesses that fuel the economy - and directly advise the owners and management teams that lead..."
1bdda631a582890e,2026-09-10,2026-09-10,Data Engineer,Intec Select Ltd,"Stratford, East London",False,30000.0,34000.0,GBP,annual,False,,,full_time,2026-09-09,Adzuna,https://www.adzuna.co.uk/jobs/details/5877052599?utm_medium=api&utm_source=jobaggregator,"Salary: £30,000 - 34,000 per year Requirements: Experience in Data Engineering, Analytics Engineering, Performance Analytics, or Data Analysis roles within digital products or services. Strong SQL skills and experience working with large and complex datasets. Experience designing and maintaining reporting solutions, dashboards, and data visualisations. Strong analytical mindset with the ability..."
9a7d68e92043f0f7,2026-09-10,2026-09-18,Data Engineer,Pennon Group,Redhill,False,40000.0,50000.0,GBP,annual,False,,,,2026-09-09,Reed,https://www.reed.co.uk/jobs/data-engineer/57329441,"Powered by Water, Driven by Purpose SES Business Water provides water and wastewater services for businesses across England and Scotland. Our customers include major high street retailers, supermarkets, hospitality and leisure, local and national government, NHS, independent schools, manufacturing, food processing and an international airport. We’re proud to be part of Pennon Group, a leader in..."
0d14952423ad622b,2026-09-10,2026-09-10,Contract Databricks Data Engineer and Data Modeller - London- £650-750 per day,McCabe & Barton,"London, UK",False,67644.39,67644.39,GBP,annual,True,Adzuna estimate,,full_time,2026-09-09,Adzuna,https://www.adzuna.co.uk/jobs/land/ad/5877440281?se=rC-nrQGt8RGUe8QNhRYD5g&utm_medium=api&utm_source=jobaggregator&v=6A8E88312280BE9D51A852CF2C92144FFDCD8901,"The Senior Databricks Data Engineer and Data Modeller will join a team that will support the modernisation of investment management data capabilities currently delivered through our client's on-prem SQL Server and related Legacy components. The role will inventory the current environment, assess dependencies and data quality, redesign priority data structures, and migrate selected workloads into..."
b45becbf5f45b2d1,2026-09-09,2026-09-18,"Senior Data & Analytics Engineer - SQL, Databricks (Contract)",Robert Walters,London,False,40.0,43.0,GBP,hourly,False,,contract,,2026-09-09,Reed,https://www.reed.co.uk/jobs/senior-data-analytics-engineer-sql-databricks-contract/57325879,"Global Technology Business | 12-Month Contract 40- 43 per hour | London or Reading | Flexible Hybrid Robert Walters is recruiting a Senior Data & Analytics Engineer for a leading global technology business. This is a hands-on engineering role focused on SQL, Databricks, data pipelines, analytics engineering and infrastructure improvement , with AI tools used to accelerate development rather than..."
d883df07f58786d1,2026-09-09,2026-09-09,Snowflake Data Engineer,Fractal,"London, UK",False,51780.34,51780.34,GBP,annual,True,Adzuna estimate,contract,full_time,2026-09-08,Adzuna,https://www.adzuna.co.uk/jobs/details/5875732828?utm_medium=api&utm_source=jobaggregator,It's fun to work in a company where people truly BELIEVE in what they are doing! We're committed to bringing passion and customer focus to the business. Snowflake Data Engineer 3 month Fixed Term Contract London – Hybrid (Onsite 2 days per week) Fractal is a strategic AI partner to Fortune 500 companies with a vision to power every human decision in the enterprise. Fractal is building a world...
5e383ed880bfb0fd,2026-09-09,2026-09-18,Senior Data Engineer Microsoft Fabric Azure data - Huxley,Huxley,"London, UK",False,87328.14,87328.14,GBP,annual,True,Adzuna estimate,permanent,full_time,2026-09-08,Adzuna,https://www.adzuna.co.uk/jobs/land/ad/5875755571?se=QsS7GDqs8RGCEPCwPxbzXQ&utm_medium=api&utm_source=jobaggregator&v=1435D7EFA5E962679E987B52609C3D1FE27FF582,"Senior Data Engineer Microsoft Fabric Azure data This is a new and exclusive opportunity for a Senior Data Engineer with strengths in Microsoft Azure data to be a key lead in strengthening, evolving, and modernising our core data platforms. Job details Title: Senior Data Engineer Technical Stack: Microsoft Azure data Location: London or Glasgow with 1 day a week in the office Industry: STEM..."
5a2c2c480ceb8bcc,2026-09-09,2026-09-18,Senior Data Engineer Microsoft Fabric Azure data - Huxley,eFinancialCareers,London,False,,,,,False,,permanent,,2026-09-08,Reed,https://www.reed.co.uk/jobs/senior-data-engineer-microsoft-fabric-azure-data-huxley/57323160,"Senior Data Engineer Microsoft Fabric Azure data This is a new and exclusive opportunity for a Senior Data Engineer with strengths in Microsoft Azure data to be a key lead in strengthening, evolving, and modernising our core data platforms. Job details Title: Senior Data Engineer Technical Stack: Microsoft Azure data Location: London or Glasgow with 1 day a week in the office Industry: STEM..."
7bdbbdb98872db34,2026-09-09,2026-09-09,Senior Azure Data Engineer,Rise Technical Recruitment,"Westminster, South West London",False,60000.0,67000.0,GBP,annual,False,,,full_time,2026-09-08,Adzuna,https://www.adzuna.co.uk/jobs/details/5875483679?utm_medium=api&utm_source=jobaggregator,"Salary: £60,000 - 67,000 per year Requirements: Strong commercial Azure development experience Excellent Python development skills Experience delivering projects from design through to deployment Strong communication and stakeholder management abilities Self-motivated and comfortable working with a high degree of autonomy Background in cloud, data engineering, or analytics environments..."
8cd6f724e64ca8d6,2026-09-09,2026-09-09,GCP Data Engineer,83zero Ltd,"Isleworth, West London",False,136500.0,143000.0,GBP,annual,False,,contract,,2026-09-08,Adzuna,https://www.adzuna.co.uk/jobs/land/ad/5875799566?se=QsS7GDqs8RGCEPCwPxbzXQ&utm_medium=api&utm_source=jobaggregator&v=D3A35E8A6E2C65D319B359B53581F729A4980629,"Data Engineer - GCP | £525-£550 per day | Inside IR35 6-Month Contract | Hybrid - 2 Days Onsite in Isleworth 83zero are working with a leading media and broadcasting organisation who are looking for an experienced Data Engineer to join their engineering team on an initial 6-month contract. This is a hands-on engineering role focused on building and supporting cloud-native data applications,..."
23e1f5a2dcbce583,2026-09-09,2026-09-09,"Data Engineer, AI & Innovation",Bloomsbury Publishing PLC,"Bloomsbury, Central London",False,65000.0,70000.0,GBP,annual,False,,permanent,full_time,2026-09-08,Adzuna,https://www.adzuna.co.uk/jobs/details/5876157600?utm_medium=api&utm_source=jobaggregator,"The opportunity Bloomsbury is looking for an experienced and pragmatic Data Engineer to join our AI & Innovation team. It’s an exciting opportunity to help shape Bloomsbury's data infrastructure and support some of the company's most ambitious AI and commercial initiatives. As the first dedicated Data Engineer in the business, you will be responsible for building and maintaining the data..."
f79e13866d40cb7f,2026-09-09,2026-09-09,Data Engineer - Defence,IO Associates,"The City, Central London",True,195000.0,208000.0,GBP,annual,False,,contract,,2026-09-08,Adzuna,https://www.adzuna.co.uk/jobs/details/5876105433?utm_medium=api&utm_source=jobaggregator,"Data Engineer Contract Location: London – 4 days per week on-site, 1 day remote Rate: Up to £800 per day Inside IR35 Clearance: Active DV Clearance I'm currently recruiting for a Data Engineer to join a long-running programme within Central Government, supporting the development and maintenance of secure data platforms and pipelines across MoD-owned infrastructure. You'll work as part of a..."
cf5fff7d6bd97288,2026-09-09,2026-09-09,Data Engineer,Data Careers,"South East London, London",False,182000.0,208000.0,GBP,annual,False,,contract,,2026-09-08,Adzuna,https://www.adzuna.co.uk/jobs/details/5876105431?utm_medium=api&utm_source=jobaggregator,"Data Engineer 6 Month Contract Location: London (Onsite 4 days a week) Rate: £700 - £800 per day (INSIDE IR35) Skills: Python, Azure, Kubernetes, Apache Airflow, Apache Spark, DV Clearance We are looking to recruit a DV Cleared Data Engineer for a leading technology consultancy. This will be joining an established defence programme requiring additional engineering support across an existing data..."
4f4e3fd98b01d987,2026-09-09,2026-09-10,Data Engineer,Entain,"London, UK",False,62444.37,62444.37,GBP,annual,True,Adzuna estimate,,,2026-09-08,Adzuna,https://www.adzuna.co.uk/jobs/details/5875783063?utm_medium=api&utm_source=jobaggregator,"Job Description This is a hybrid role. As a Data Engineer , you will be responsible for designing and building scalable, resilient data solutions that power analytics, marketing effectiveness measurement, and decision-making across Entain's industry-leading digital brands. You'll work at the heart of our data ecosystem, creating the platforms and datasets that enable teams to generate insights,..."
ed37598910a7880f,2026-09-09,2026-09-18,Data Engineer,Robert Walters,"Swansea, Wales",True,250.0,350.0,GBP,daily,False,,contract,,2026-09-08,Adzuna,https://www.adzuna.co.uk/jobs/details/5876103398?utm_medium=api&utm_source=jobaggregator,"URGENT Data Engineer (Contract) - Fully Remote We are seeking an experienced Data Engineer (GCP & Azure) on a contract basis to support the design, development and optimisation of moder cloud-based data platforms and data products. This is a fully remote opportunity , offering the chance to work within a collaborative Agile environment on large-scale data engineering initiatives. Key..."
a603f117caa7bc9d,2026-09-09,2026-09-15,Data Engineer,Concept Resourcing,"Telford, Shropshire",True,,140400.0,GBP,annual,False,,contract,full_time,2026-09-08,Adzuna,https://www.adzuna.co.uk/jobs/details/5876096443?utm_medium=api&utm_source=jobaggregator,"Talend Data Engineer Contract: 6 Months Location: Primarily Remote (travel to Telford approximately twice per month. Worthing may also be considered) Clearance: SC Eligible Equipment Collection: London, Manchester, or Telford Rate: £540 per day Inside IR35 We are seeking Data Engineers to support delivery within a large-scale data exploitation programme. The role will focus on developing and..."
ad39f21faac8728b,2026-09-09,2026-09-09,Contract Data Engineer (Azure to GCP Migration),Tenth Revolution Group,"London, UK",False,62515.57,62515.57,GBP,annual,True,Adzuna estimate,contract,,2026-09-08,Adzuna,https://www.adzuna.co.uk/jobs/land/ad/5875607653?se=QsS7GDqs8RGCEPCwPxbzXQ&utm_medium=api&utm_source=jobaggregator&v=AD6EEB5585365A8CFAE25D581C543F5F2614AE56,"Data Migration Engineer / Data Engineer London (minimum 3 days per week onsite) Outside IR35 | Approx. £450/day Contract running through to end of year A Lloyd's of London reinsurer is commencing a major cloud migration programme and is seeking contractors with proven, hands-on experience delivering Azure to GCP migrations. Essential Experience Must have delivered a migration of data platforms,..."
cf01d50eb2d9333c,2026-09-09,2026-09-09,Associate Data Engineer,Spotlight Sports Group,"London, UK",False,43968.34,43968.34,GBP,annual,True,Adzuna estimate,,full_time,2026-09-08,Adzuna,https://www.adzuna.co.uk/jobs/details/5875609727?utm_medium=api&utm_source=jobaggregator,"Spotlight Sports Group is a global media and technology company with a clear purpose, to set the standard for trusted, customer-driven experiences across global racing and sports betting. Guided by our mission to create experiences that fans love, we combine more than 40 years of heritage with bold innovation to deliver award-winning content, data and digital products. With over 400 employees..."
8fa1350916b43a79,2026-09-09,2026-09-09,Analytics Engineer,Brambles,"Westminster, South West London",False,20000.0,60000.0,GBP,annual,False,,,full_time,2026-09-08,Adzuna,https://www.adzuna.co.uk/jobs/details/5875483291?utm_medium=api&utm_source=jobaggregator,"Salary: £20,000 - 60,000 per year Requirements: We need experience with semantic modelling and KPI governance, including designing and maintaining enterprise KPI definitions and semantic models as requirements evolve. We need experience operating a modelling and release process with standards, reviews, and safe rollouts for analytics assets. We need comfort building and supporting analytics..."
8497dd21490c66dc,2026-09-09,2026-09-09,Analytics Engineer,Fitch Ratings,"Docklands, East London",False,65000.0,105000.0,GBP,annual,False,,,full_time,2026-09-08,Adzuna,https://www.adzuna.co.uk/jobs/details/5875482660?utm_medium=api&utm_source=jobaggregator,"Salary: £65,000 - 105,000 per year Requirements: We require a degree in Computer Science, Data Science, Mathematics, or a related discipline, or equivalent practical experience. We require evidence that you can deliver in real-world settings, such as 1–3 years of experience, internships, or substantial end-to-end projects. We require strong programming skills in Python, with the ability to write..."
a51ebaaa7f51ca70,2026-09-09,2026-09-18,Senior Data Engineer,Pave Talent Partners Limited,"Preston, Lancashire",True,80000.0,80000.0,GBP,annual,False,,,,2026-09-07,Adzuna,https://www.adzuna.co.uk/jobs/details/5874498197?utm_medium=api&utm_source=jobaggregator,"Senior Data Engineer - Remote We are looking for a Senior Data Engineer to take a key role in developing, modernising and improving the organisations data platform and data warehouse capability. This is a hands-on senior engineering position with genuine ownership. Youll be responsible for designing and building robust data pipelines, developing scalable data models and helping shape the future..."
8baad8051af5d73c,2026-09-09,2026-09-18,Data Engineer,Hays Specialist Recruitment Limited,London,False,489.0,489.0,GBP,daily,False,,,,2026-09-04,Reed,https://www.reed.co.uk/jobs/data-engineer/57311782,"Your new company Join a highly successful and growing financial services organisation that places data at the centre of its business strategy. With significant investment in technology, cloud platforms, and business intelligence capabilities, the company is embarking on an exciting phase of data transformation and modernisation. This is an opportunity to work within a collaborative environment..."
c3620e733dc15a53,2026-09-08,2026-09-09,Lead Data Engineer,Ground Control,"Little Burstead, Billericay",True,49874.76,49874.76,GBP,annual,True,Adzuna estimate,permanent,,2026-09-08,Adzuna,https://www.adzuna.co.uk/jobs/details/5875285916?utm_medium=api&utm_source=jobaggregator,"Lead Data Engineer Location: Hybrid / Remote (UK) Salary: Competitive Contract Type: Permanent Working Hours: 40 hours per week, Monday-Friday Shape the future of our data platform. Lead through expertise. Make a lasting impact. You are someone who enjoys solving complex data challenges, setting technical direction, and helping others grow along the way. You take pride in building scalable,..."
362434146ac9ca80,2026-09-08,2026-09-18,Data Engineer,INTEC SELECT LIMITED,SE19SG,False,95000.0,110000.0,GBP,annual,False,,,,2026-09-08,Reed,https://www.reed.co.uk/jobs/data-engineer/57320241,"Data Engineer - 95k- 110k Overview: Working with a growing tech business to find a Data Engineer to own their data platform end to end. You'll be the person shaping how data moves through the business - from ingestion and pipelines through to warehousing and the infrastructure that powers data science and ML work. This is a hands-on role in a small, collaborative team, with real scope to set..."
394ae426886e01eb,2026-09-08,2026-09-18,Data Engineer,TXP Technology x People,Telford,True,540.0,540.0,GBP,daily,False,,contract,,2026-09-08,Reed,https://www.reed.co.uk/jobs/data-engineer/57320498,"Talend Data Engineer Contract: 6 Months Location: Primarily Remote (travel to Telford approximately twice per month. Worthing may also be considered) Clearance: SC Eligible Equipment Collection: London, Manchester, or Telford Rate: 540 per day Inside IR35 We are seeking Data Engineers to support delivery within a large-scale data exploitation programme. The role will focus on developing and..."
9a7704e9d88db14a,2026-09-08,2026-09-09,Analytics Engineer - Tag Manager,Royal Mail Group,"London, UK",False,53661.16,53661.16,GBP,annual,True,Adzuna estimate,permanent,full_time,2026-09-08,Adzuna,https://www.adzuna.co.uk/jobs/details/5874912483?utm_medium=api&utm_source=jobaggregator,"​ Job reference 341172 Analytics Engineer - Tag Manager Competitive salary plus car allowance, healthcare, annual bonus p otential, 25 days annual leave plus bank holidays rising with service and a company pension scheme with highly competitive contribution rates Permanent, Full time Royal Mail Farringdon x3 days in office Analytics Engineer - Tag Manager Royal Mail is continuing its..."
5932c0f88e736138,2026-09-08,2026-09-08,Senior Data Engineer II (Data Platform),Rightmove,"London, UK",False,57379.22,57379.22,GBP,annual,True,Adzuna estimate,,full_time,2026-09-07,Adzuna,https://www.adzuna.co.uk/jobs/land/ad/5874052603?se=phwWlm-r8RGyxtY0rUukWA&utm_medium=api&utm_source=jobaggregator&v=B0CB5A2A30B5C8429B430999FD2B5ECE9F8CE8FA,"Our vision is to give everyone the belief they can make their move. We aim to make moving simpler, by giving everyone the best place to turn to and return to for access to the tools, expertise, trust, and belief to make it happen. We’re home to the UK’s largest choice of properties and are the go-to destination for millions of people planning their next move, reading the latest industry news, or..."
d686c6cc8c5cf598,2026-09-08,2026-09-09,Senior Data Engineer I (Data Platform),Rightmove,"London, UK",False,61539.25,61539.25,GBP,annual,True,Adzuna estimate,,full_time,2026-09-07,Adzuna,https://www.adzuna.co.uk/jobs/land/ad/5874058965?se=phwWlm-r8RGyxtY0rUukWA&utm_medium=api&utm_source=jobaggregator&v=5BABCFD6BDDA535333D636EE9A9F2AE708CFF22E,"Our vision is to give everyone the belief they can make their move. We aim to make moving simpler, by giving everyone the best place to turn to and return to for access to the tools, expertise, trust, and belief to make it happen. We’re home to the UK’s largest choice of properties and are the go-to destination for millions of people planning their next move, reading the latest industry news, or..."
4a79783c9da8ed96,2026-09-08,2026-09-18,Junior Data Engineer,Sanderson,South West England,True,400.0,500.0,GBP,daily,False,,contract,,2026-09-07,Reed,https://www.reed.co.uk/jobs/junior-data-engineer/57318790,"Junior Data Engineer 400- 500 per day via Umbrella | Mostly Remote Initial 6-Month Contract A leading Southwest-based business is looking to bring in a Data Engineer to join its growing Data & Analytics team. This is an exciting opportunity to work on a range of strategic data initiatives while developing your skills within a modern cloud-based data environment. You'll join a collaborative,..."
68e47cef89bd98ab,2026-09-08,2026-09-08,Digital Analytics Engineer,ASOS,"London, UK",False,62751.93,62751.93,GBP,annual,True,Adzuna estimate,,full_time,2026-09-07,Adzuna,https://www.adzuna.co.uk/jobs/land/ad/5874052557?se=phwWlm-r8RGyxtY0rUukWA&utm_medium=api&utm_source=jobaggregator&v=F6A19745C7EE0BE4D165B57C85E251D8C5E2BEF8,What You’ll Be Doing Behavioural Data Modelling • Build and extend core behavioural models in Databricks that describe how customers interact with ASOS across web and app • Design and maintain: o Session logic o Funnels and journeys o Attribution logic o Feature usage and engagement metrics o Experiment exposure and variant datasets • Create domain specific behavioural marts optimised for...
b909735563d9a0eb,2026-09-08,2026-09-08,Data Engineer (Snowflake & Kafka) - Lorien Impellam,Lorien Impellam,"London, UK",False,65290.21,65290.21,GBP,annual,True,Adzuna estimate,contract,full_time,2026-09-07,Adzuna,https://www.adzuna.co.uk/jobs/details/5874269592?utm_medium=api&utm_source=jobaggregator,"Data Engineer London/ Edinburgh 6 Month Contract Via Umbrella Our UK leading banking client are looking for a Data Analyst to join their team on an initial 6-month contract. Core Technical Requirements Strong experience with Snowflake for data warehousing, including writing efficient SQL and managing schemas. Proficiency in Airflow for orchestration and workflow management. Hands-on experience..."
4152d13de5081256,2026-09-08,2026-09-08,Data Engineer (Snowflake & Kafka),Lorien,"London, UK",False,77937.19,77937.19,GBP,annual,True,Adzuna estimate,contract,full_time,2026-09-07,Adzuna,https://www.adzuna.co.uk/jobs/details/5874305579?utm_medium=api&utm_source=jobaggregator,"Data Engineer London/ Edinburgh 6 Month Contract Via Umbrella Our UK leading banking client are looking for a Data Analyst to join their team on an initial 6-month contract. Core Technical Requirements Strong experience with Snowflake for data warehousing, including writing efficient SQL and managing schemas. Proficiency in Airflow for orchestration and workflow management. Hands-on experience..."
3d3f1ccac137e3b0,2026-09-08,2026-09-18,Data Engineer,Lime Street Recruitment Limited,"The City, Central London",True,97500.0,110500.0,GBP,annual,False,,contract,,2026-09-07,Adzuna,https://www.adzuna.co.uk/jobs/details/5874519898?utm_medium=api&utm_source=jobaggregator,"We're looking for a Data Engineer to work on a largely remote 6 month contract Outside of ir35. This is a modern data warehouse rescue project so we're looking for someone who has modern commercial experience with Microsoft Fabric. A background working independently with SQL Server, the MSBI stack and Azure would be essential, too."
de79e164102cb1e5,2026-09-08,2026-09-08,Data Engineer,83zero Limited,"The City, Central London",False,65000.0,75000.0,GBP,annual,False,,permanent,full_time,2026-09-07,Adzuna,https://www.adzuna.co.uk/jobs/details/5874487363?utm_medium=api&utm_source=jobaggregator,"Data Engineer London - Hybrid £65,000 - £75,000 Azure Data / SQL / Financial Services I'm currently working with a growing data and technology consultancy who are looking to bring a Data Engineer into their expanding delivery team. The business works with a range of organisations across telecommunications, financial services, insurance and healthcare, helping clients develop modern data platforms..."
bc67934ffea4de50,2026-09-08,2026-09-08,Data Engineer,83zero Ltd,"The City, Central London",False,65000.0,75000.0,GBP,annual,False,,,full_time,2026-09-07,Adzuna,https://www.adzuna.co.uk/jobs/land/ad/5874306729?se=_mOllG-r8RGH3IjHe2oBVQ&utm_medium=api&utm_source=jobaggregator&v=AC2A1691915C540A64611867E5C50CF19B03C83F,"Data Engineer London - Hybrid £65,000 - £75,000 Azure Data / SQL / Financial Services I'm currently working with a growing data and technology consultancy who are looking to bring a Data Engineer into their expanding delivery team. The business works with a range of organisations across telecommunications, financial services, insurance and healthcare, helping clients develop modern data platforms..."
8e7aa22a4ca4433d,2026-09-08,2026-09-08,Analytics Engineering Manager,Zopa Bank,"London, UK",False,83420.38,83420.38,GBP,annual,True,Adzuna estimate,,full_time,2026-09-07,Adzuna,https://www.adzuna.co.uk/jobs/land/ad/5874058663?se=phwWlm-r8RGyxtY0rUukWA&utm_medium=api&utm_source=jobaggregator&v=F8FF6744406508523325249F6706B1EAE16B8792,"We started our journey back in 2005, building the first ever peer-to-peer lending company. Fast forward to 2020 and we launched Zopa Bank. A bank that listens to what our customers don’t like about finance and does the opposite. We’re redefining what it feels like to work in finance. Our vision for a new era of banking puts people front and centre — we’ve built a business that empowers everyone..."
b01bea9050ff8ade,2026-09-07,2026-09-18,Senior Analytics Engineer,Harnham - Data & Analytics Recruitment,London,True,75000.0,90000.0,GBP,annual,False,,,,2026-09-07,Reed,https://www.reed.co.uk/jobs/senior-analytics-engineer/57315700,"Senior Analytics Consultant Remote (UK) | 70,000 - 90,000 + Quarterly Bonus + Commission Opportunities Are you a Senior Analytics Consultant looking to work on complex, high-impact analytics projects with leading organisations? This is an opportunity to join a specialist data consultancy where you'll have significant ownership, direct client exposure, and the chance to shape modern analytics..."
d190f7bb79d7d113,2026-09-07,2026-09-07,Senior Data Engineer,Lloyds Bank,"London, UK",False,76760.0,95950.0,GBP,annual,False,,,full_time,2026-09-06,Adzuna,https://www.adzuna.co.uk/jobs/land/ad/5873195843?se=wsVZza2q8RGO7oKmF8V0ZA&utm_medium=api&utm_source=jobaggregator&v=0F3517B6B68E65183051FE6E4A0E0689F70946DA,"End Date Friday 02 October 2026 Salary Range £84,051 - £93,390 We support flexible working – click here for more information on flexible working options Flexible Working Options Hybrid Working Job Description Summary . Job Description JOB TITLE: Senior Data Engineer SALARY: £76,760 - £95,950 LOCATION: London HOURS: Full-Time WORKING PATTERN: Our work style is hybrid, which involves spending at..."
1d56e23f7c0b75c9,2026-09-07,2026-09-08,Senior Analytics Engineer,Global Media Group,"Holborn, Central London",False,35607.66,35607.66,GBP,annual,True,Adzuna estimate,,full_time,2026-09-06,Adzuna,https://www.adzuna.co.uk/jobs/details/5873193693?utm_medium=api&utm_source=jobaggregator,"Accepting applications until: 2 October 2026 Job Description Do you want to build cool apps used by 30 million people? Do you love music and want to work in the heart of London’s West End in our Leicester Square HQ? Do you have a passion for new technology - whether that be writing software, analysing data or using new technology to solve problems? If so, Global, one of the world’s leading media..."
b34c0024c2dfa0ee,2026-09-07,2026-09-08,Senior Analytics Engineer,Lloyds Bank,"London, UK",False,84051.0,93390.0,GBP,annual,False,,,full_time,2026-09-06,Adzuna,https://www.adzuna.co.uk/jobs/land/ad/5873159947?se=vtBWzq2q8RGlI_dq_IL75Q&utm_medium=api&utm_source=jobaggregator&v=50099A7F5CB55EFA369B3CD1E1E1BA1BB92915BF,"End Date Friday 02 October 2026 Salary Range £84,051 - £93,390 We support flexible working – click here for more information on flexible working options Flexible Working Options Hybrid Working Job Description Summary . Job Description JOB TITLE: Senior Analytics Engineer SALARY: £84,051 - £95,000 LOCATION: London HOURS: Full-time WORKING PATTERN: Our work style is hybrid, which involves spending..."
2c774c897efa77b9,2026-09-07,2026-09-08,"Data, Analytics & Reporting Analyst - Data Engineering Team",Ameriprise,"London, UK",False,76585.45,76585.45,GBP,annual,True,Adzuna estimate,permanent,full_time,2026-09-06,Adzuna,https://www.adzuna.co.uk/jobs/details/5873181355?utm_medium=api&utm_source=jobaggregator,"About Columbia Threadneedle Investments Working at Columbia Threadneedle Investments you'll find growth and career opportunities across all of our businesses. We're intentionally built to help you succeed. Our reach is expansive with a global team of 2,300 people working together. Our capability is diverse with more than 550 investment professionals sharing global perspectives across all major..."
1ca36251e8bc742b,2026-09-07,2026-09-18,Azure Data Engineer,360 Resourcing,"Thame, Oxfordshire",True,130446.0,130446.0,GBP,annual,False,,,,2026-09-06,Adzuna,https://www.adzuna.co.uk/jobs/details/5873315986?utm_medium=api&utm_source=jobaggregator,"Azure Data Engineer – Thame – Remote – 1 day Month in Office - £50,000 My client is a leading Retail Consultancy that work with a number of high profile Retail chains, consuming data and providing Insight and Reports. Due to exciting growth we are looking for an ambitious and skilled Azure Data Engineer to join the Business Intelligence function and play a key role in architecting, maintaining..."
106e37ca4c360db2,2026-09-07,2026-09-18,Azure Data Engineer,360 Resourcing Solutions,"Slough, Berkshire",True,45000.0,50000.0,GBP,annual,False,,,full_time,2026-09-06,Adzuna,https://www.adzuna.co.uk/jobs/details/5873075048?utm_medium=api&utm_source=jobaggregator,"Azure Data Engineer – Thame – Remote – 1 day Month in Office - £50,000 My client is a leading Retail Consultancy that work with a number of high profile Retail chains, consuming data and providing Insight and Reports. Due to exciting growth we are looking for an ambitious and skilled Azure Data Engineer to join the Business Intelligence function and play a key role in architecting, maintaining..."
1ccfe5366470a847,2026-09-07,2026-09-18,Azure Data Engineer,360 Resourcing Solutions,"Birmingham, West Midlands",True,45000.0,50000.0,GBP,annual,False,,,full_time,2026-09-06,Adzuna,https://www.adzuna.co.uk/jobs/details/5873075044?utm_medium=api&utm_source=jobaggregator,"Azure Data Engineer – Thame – Remote – 1 day Month in Office - £50,000 My client is a leading Retail Consultancy that work with a number of high profile Retail chains, consuming data and providing Insight and Reports. Due to exciting growth we are looking for an ambitious and skilled Azure Data Engineer to join the Business Intelligence function and play a key role in architecting, maintaining..."
1e13d59bc08190af,2026-09-07,2026-09-18,Azure Data Engineer,360 Resourcing Solutions,"Deritend, Birmingham",True,45000.0,50000.0,GBP,annual,False,,permanent,full_time,2026-09-06,Adzuna,https://www.adzuna.co.uk/jobs/details/5872975312?utm_medium=api&utm_source=jobaggregator,"Azure Data Engineer – Thame – Remote – 1 day Month in Office - £50,000 My client is a leading Retail Consultancy that work with a number of high profile Retail chains, consuming data and providing Insight and Reports. Due to exciting growth we are looking for an ambitious and skilled Azure Data Engineer to join the Business Intelligence function and play a key role in architecting, maintaining..."
d3471aaaee6acae7,2026-09-07,2026-09-09,Analytics Engineer,Cushman & Wakefield,"London, UK",False,61000.0,101000.0,GBP,annual,False,,,full_time,2026-09-06,Adzuna,https://www.adzuna.co.uk/jobs/details/5873170875?utm_medium=api&utm_source=jobaggregator,"Job Title Analytics Engineer Job Description Summary Analytics Engineer | Databricks | Agentic AI | EMEA & APAC We lead the data transformation of our EMEA and APAC business, and we are looking for an Analytics Engineer to join us. Our lakehouse platform is mature and well established. It is built on Databricks and already runs the business end to end. What comes next is the harder part, putting..."
f7a8bc5c2e6a248c,2026-09-06,2026-09-06,Data Engineering Expert - UK Based,Mercor,"London, UK",True,56246.71,56246.71,GBP,annual,True,Adzuna estimate,contract,,2026-09-06,Adzuna,https://www.adzuna.co.uk/jobs/details/5872581029?utm_medium=api&utm_source=jobaggregator,"About the job Mercor connects elite creative and technical talent with leading AI research labs. Headquartered in San Francisco, our investors include Benchmark , General Catalyst , Peter Thiel , Adam D'Angelo , Larry Summers , and Jack Dorsey . Position: UK-based Data Engineering, Sales, and Consulting Experts Type: Contract Compensation: $140–$200/hour Location: Remote Duration: 14 September to..."
75180f07f50485c7,2026-09-06,2026-09-06,Data Engineer - Pipeline Specialist,Mercor,"London, UK",True,44842.55,44842.55,GBP,annual,True,Adzuna estimate,contract,,2026-09-06,Adzuna,https://www.adzuna.co.uk/jobs/details/5872580992?utm_medium=api&utm_source=jobaggregator,"About the job Mercor connects elite creative and technical talent with leading AI research labs. Headquartered in San Francisco, our investors include Benchmark , General Catalyst , Peter Thiel , Adam D'Angelo , Larry Summers , and Jack Dorsey . Position: UK-Based Data Engineering Experts Type: Contract Compensation: $140–$200/hour Location: Remote Duration: 14 September to 10 October 2026..."
7cbdc06bdbd6ed86,2026-09-06,2026-09-10,Azure Data Engineer,360 Resourcing Solutions,B11BL,True,45000.0,50000.0,GBP,annual,False,,,,2026-09-06,Reed,https://www.reed.co.uk/jobs/azure-data-engineer/57314290,"Azure Data Engineer – Thame – Remote – 1 day Month in Office - 50,000 My client is a leading Retail Consultancy that work with a number of high profile Retail chains, consuming data and providing Insight and Reports. Due to exciting growth we are looking for an ambitious and skilled Azure Data Engineer to join the Business Intelligence function and play a key role in architecting, maintaining and..."
4200dafd62b9a11a,2026-09-06,2026-09-10,Azure Data Engineer,360 Resourcing Solutions,SL14DX,True,45000.0,50000.0,GBP,annual,False,,,,2026-09-06,Reed,https://www.reed.co.uk/jobs/azure-data-engineer/57314289,"Azure Data Engineer – Thame – Remote – 1 day Month in Office - 50,000 My client is a leading Retail Consultancy that work with a number of high profile Retail chains, consuming data and providing Insight and Reports. Due to exciting growth we are looking for an ambitious and skilled Azure Data Engineer to join the Business Intelligence function and play a key role in architecting, maintaining and..."
e491480e786c4094,2026-09-06,2026-09-06,Software Engineering & ML/Data Engineer Senior Associate,State Street Bank,"Poplar, East London",False,60000.0,90000.0,GBP,annual,False,,contract,full_time,2026-09-05,Adzuna,https://www.adzuna.co.uk/jobs/details/5871841617?utm_medium=api&utm_source=jobaggregator,"Salary: £60,000 - 90,000 per year Requirements: Enthusiastic about building a long-term career in a dynamic, technology-driven organization Effective communicators with the ability to collaborate in a team-oriented environment Open to feedback and committed to continuous learning and improvement Motivated by real-world problem solving and eager to contribute innovative ideas Degree in Software..."
a0386a890469d751,2026-09-06,2026-09-08,Senior Data Engineer,Cushman & Wakefield,"London, UK",False,61000.0,101000.0,GBP,annual,False,,,full_time,2026-09-05,Adzuna,https://www.adzuna.co.uk/jobs/details/5872114026?utm_medium=api&utm_source=jobaggregator,"Job Title Senior Data Engineer Job Description Summary Senior Data Engineer | Databricks | Agentic AI | EMEA & APAC We are the team leading the data transformation of our EMEA and APAC business, and we are hiring a Senior Data Engineer to help build what comes next. Our Databricks-native Lakehouse is established and mature and already supports the business end to end. The work ahead is more..."
81031c29c69976f0,2026-09-06,2026-09-06,Senior Data Engineer,Wise,"Spitalfields, East London",False,66000.0,106000.0,GBP,annual,False,,,full_time,2026-09-05,Adzuna,https://www.adzuna.co.uk/jobs/details/5871840744?utm_medium=api&utm_source=jobaggregator,"Salary: £66,000 - 106,000 per year Requirements: Advanced proficiency in Python and proven experience architecting, deploying, and maintaining big data and streaming/batch pipelines, such as Kafka Streams, event streaming, Trino, and Iceberg. Hands-on experience using dbt for scalable data transformations and Airflow for workflow orchestration. Strong background in designing scalable,..."
3eb5755d4e58da8d,2026-09-06,2026-09-06,Senior Analytics Engineer,Monzo Bank,"Bishopsgate, Central London",False,30000.0,50000.0,GBP,annual,False,,,full_time,2026-09-05,Adzuna,https://www.adzuna.co.uk/jobs/details/5871839823?utm_medium=api&utm_source=jobaggregator,"Salary: £30,000 - 50,000 per year Requirements: You enjoy working with cross-functional, fast-moving teams and are passionate about serving small businesses. You are able to think strategically about the Business Banking product and how our underlying data models will unlock more insights for our team and more value for our customers. You have a strong passion for data modelling, ETL projects,..."
44e2b7ff52d44f68,2026-09-06,2026-09-08,"SQL Analytics Engineer (AI-Enabled, Databricks)",Salt,"Covent Garden, Central London",False,53938.48,53938.48,GBP,annual,True,Adzuna estimate,contract,,2026-09-05,Adzuna,https://www.adzuna.co.uk/jobs/details/5871841497?utm_medium=api&utm_source=jobaggregator,"Salary: £? - ? per year Requirements: We are looking for strong commercial experience in Data Analytics, Analytics Engineering, or Data Engineering. We require advanced SQL skills with the ability to write, optimise, and troubleshoot complex queries. We need experience working with enterprise-scale data platforms and analytics environments. We value strong problem-solving skills and the ability..."
9df528ddbe476fdf,2026-09-06,2026-09-06,Principal Data Engineer,University College London,"Somers Town, North West London",False,39000.0,62000.0,GBP,annual,False,,,full_time,2026-09-05,Adzuna,https://www.adzuna.co.uk/jobs/details/5871841372?utm_medium=api&utm_source=jobaggregator,"Salary: £39,000 - 62,000 per year Requirements: We are looking for someone with experience technically leading a Data Enabling or Transformation team in a matrix agile environment. We need a track record of delivering exceptional results by working with a wide range of stakeholders. We require experience in service management, user experience, and a growth mindset. We need previous in-depth..."
cf65ac41816baae0,2026-09-06,2026-09-11,Lead Analytics Engineer,Funding Circle,"St Paul's, Central London",False,72000.0,99000.0,GBP,annual,False,,,full_time,2026-09-05,Adzuna,https://www.adzuna.co.uk/jobs/details/5872084088?utm_medium=api&utm_source=jobaggregator,"We’re on a mission to back the UK’s small businesses like no one else Small businesses are the backbone of the economy, and we’re here to help them win. We’ve built a platform that uses clever data to get them the funding they need in minutes, not weeks. At Funding Circle, we have the restless energy of a fintech start-up with the stability of a public company. It’s a unique mix that gives..."
5457b463716e8f13,2026-09-06,2026-09-06,Junior Condition Monitoring & Analytics Engineer,Hitachi,"Bishopsgate, Central London",False,41500.0,69500.0,GBP,annual,False,,,full_time,2026-09-05,Adzuna,https://www.adzuna.co.uk/jobs/details/5871841142?utm_medium=api&utm_source=jobaggregator,"Salary: £41,500 - 69,500 per year Requirements: We are looking for an engineering degree, preferably in Electrical or Electronics Engineering. We prefer experience in the railway domain, or in another manufacturing industry such as avionics, automotive, or R&D. We require strong coding experience in Python, SQL, and preferably PySpark, as well as version control tools such as SVN and Git. We are..."
aba3cbf1bbbbd53a,2026-09-06,2026-09-18,Data Engineering Lead,Harnham - Data & Analytics Recruitment,"London, UK",False,80000.0,90000.0,GBP,annual,False,,,,2026-09-05,Adzuna,https://www.adzuna.co.uk/jobs/land/ad/5872303275?se=eKD_Zdqp8RGogquEo3zAlQ&utm_medium=api&utm_source=jobaggregator&v=FAD9225BBA06CA78E8164A9AE4AE0BAAB2478145,Data Engineering Lead Competitive Salary Benefits London (Hybrid) This is a great opportunity to join a high-growth consumer business where you can take ownership of building and scaling a company-wide data function from the ground up. THE COMPANY: This rapidly growing consumer brand has transformed its market through an innovative product offering sold internationally. The business has evolved...
6be4c6f1593a24ed,2026-09-06,2026-09-06,Analytics Engineering Director,Wise,"Spitalfields, East London",False,66000.0,106000.0,GBP,annual,False,,,full_time,2026-09-05,Adzuna,https://www.adzuna.co.uk/jobs/details/5871841715?utm_medium=api&utm_source=jobaggregator,"Salary: £66,000 - 106,000 per year Requirements: We have a track record of creating and implementing long-term, strategic projects with a 2 year time horizon in cross-functional settings. We can build strong empathy for stakeholders and internal customers, proactively identifying and solving their problems. We have excellent storytelling ability with data, translating complex insights into..."
cc4c686cbbf361e1,2026-09-06,2026-09-08,Analytics Engineer,Axle Energy,"London, UK",False,75000.0,200000.0,GBP,annual,False,,,full_time,2026-09-05,Adzuna,https://www.adzuna.co.uk/jobs/details/5872124407?utm_medium=api&utm_source=jobaggregator,"About Us At Axle Energy, we’re building the infrastructure that will underpin the decarbonised energy system. Our software moves energy usage to times when electricity is cheap and green, by controlling vehicle charging, heating systems, and home batteries. We control hundreds of thousands of energy assets. We’re building in a legacy industry and moving gigawatt-hours of electrons in the real..."
86fea3466a712bb3,2026-09-06,2026-09-06,Analytics Engineer,ZEGO,"Monument, Central London",False,40000.0,60000.0,GBP,annual,False,,,full_time,2026-09-05,Adzuna,https://www.adzuna.co.uk/jobs/details/5871841473?utm_medium=api&utm_source=jobaggregator,"Salary: £40,000 - 60,000 per year Requirements: Around 1 to 3 years of analytics engineering experience or experience in a similar role Strong SQL skills, including reading, writing, debugging and critically reviewing queries, including AI-generated ones Familiarity with modern data platforms and tools such as Snowflake, dbt, Looker, AWS or GCP Experience with version control using Git Ideally..."
b0796d3093477afb,2026-09-06,2026-09-06,Analytics Engineer,Kaluza,"Holland Park, West London",False,54000.0,70000.0,GBP,annual,False,,,full_time,2026-09-05,Adzuna,https://www.adzuna.co.uk/jobs/details/5871841051?utm_medium=api&utm_source=jobaggregator,"Salary: £54,000 - 70,000 per year Requirements: Advanced SQL mastery, including writing, tuning, and debugging complex SQL, with strong understanding of window functions, CTEs, and query execution plans. Proven ability to communicate technical concepts to non-technical audiences and manage competing priorities from multiple business units. A strong engineering mindset with a focus on writing..."
a05bc2ec9388062a,2026-09-06,2026-09-06,Analytics Engineer,Checkout.com,"Clerkenwell, Central London",False,45000.0,83000.0,GBP,annual,False,,,full_time,2026-09-05,Adzuna,https://www.adzuna.co.uk/jobs/details/5871839898?utm_medium=api&utm_source=jobaggregator,"Salary: £45,000 - 83,000 per year Requirements: Proven delivery experience as a data, business intelligence, or analytics engineer Hands-on data modeling and data warehousing skills in large-scale data environments Experience with software development lifecycle practices in analytics, including version control, testing, and CI/CD Excellent SQL and data transformation skills, ideally with dbt or..."
061feafbf5ff056a,2026-09-05,2026-09-08,Staff Data Engineer - Data Channels,Sainsbury's,"London, UK",False,120000.0,120000.0,GBP,annual,False,,,,2026-09-05,Adzuna,https://www.adzuna.co.uk/jobs/details/5871306056?utm_medium=api&utm_source=jobaggregator,"Why Join Us? At Sainsbury's Tech, you'll be part of a business operating at truly extraordinary scale. From insights generated by over 10 million Nectar customers to powering one of the UK's largest retail and digital ecosystems, our technology teams solve complex challenges that impact millions of customers every day. Our modern engineering landscape spans AWS, Azure and GCP, with thousands of..."
e20a056f4b1c1210,2026-09-05,2026-09-06,"Software Engineer III, Merchant Activity and Data Engineering",Google,"London, UK",False,53368.47,53368.47,GBP,annual,True,Adzuna estimate,,,2026-09-05,Adzuna,https://www.adzuna.co.uk/jobs/details/5871240739?utm_medium=api&utm_source=jobaggregator,"Software Engineer III, Merchant Activity and Data Engineering Share Software Engineer III, Merchant Activity and Data Engineering _corporate_fare_ Google _place_ London, UK Mid Experience driving progress, solving problems, and mentoring more junior team members; deeper expertise and applied knowledge within relevant area. Share Software Engineer III, Merchant Activity and Data Engineering..."
704e202314824496,2026-09-05,2026-09-07,Senior Data Engineer - Databricks & DLT,Certain Advantage,"South East London, London",False,68327.31,68327.31,GBP,annual,True,Adzuna estimate,,,2026-09-05,Adzuna,https://www.adzuna.co.uk/jobs/details/5871454725?utm_medium=api&utm_source=jobaggregator,Senior Data Engineer Databricks & DLT (Delta Live Tables) Certain Advantage are recruiting on behalf of our trading client for a Senior Data Engineer?with strong analytical capabilities and hands-on experience in building scalable data solutions using a programming language like Python or Scala as well as experience in Databricks and Delta Live Tables - This experience is essential. Suitable...
bc15cf28a82d7f6b,2026-09-05,2026-09-05,Senior Data Engineer,Data Idols,"London, UK",False,75000.0,85000.0,GBP,annual,False,,permanent,full_time,2026-09-05,Adzuna,https://www.adzuna.co.uk/jobs/details/5871327253?utm_medium=api&utm_source=jobaggregator,"Senior Data Engineer Salary: £75,000 - £85,000 Location: London | Hybrid Data Idols are working with one of the UK's most recognised retail brands as they continue to invest heavily in their enterprise data platform. They are looking for a Senior Data Engineer to join a high-performing engineering team, helping build and evolve a modern cloud-based data ecosystem at significant scale. This role..."
c6c38ddcb19ccc20,2026-09-05,2026-09-07,"SQL Analytics Engineer (AI-Enabled, Databricks) - Software",Salt,"South East London, London",False,91000.0,117000.0,GBP,annual,False,,contract,,2026-09-05,Adzuna,https://www.adzuna.co.uk/jobs/land/ad/5871322753?se=GkOD8Q6p8RGlI_dq_IL75Q&utm_medium=api&utm_source=jobaggregator&v=9748C5AF651E1F8E8EBDA769B2699559FCB6C09A,"SQL Analytics Engineer (AI-Enabled, Databricks) - Software - London or Reading Daily rate: £350 - £450 Duration: 12 months Start: ASAP My client is looking for an Analytics Engineer to join a global analytics team supporting critical post-sales reporting, data insights, and business intelligence initiatives. This is a hands-on contract opportunity for a technically strong data professional who..."
bbf764cec069f26c,2026-09-05,2026-09-18,"SQL Analytics Engineer (AI-Enabled, Databricks) - Software",Salt Search,"London, UK",False,350.0,450.0,GBP,daily,False,,contract,full_time,2026-09-05,Adzuna,https://www.adzuna.co.uk/jobs/details/5871236480?utm_medium=api&utm_source=jobaggregator,"SQL Analytics Engineer (AI-Enabled, Databricks) - Software - London or Reading Daily rate: £350 - £450 Duration: 12 months Start: ASAP My client is looking for an Analytics Engineer to join a global analytics team supporting critical post-sales reporting, data insights, and business intelligence initiatives. This is a hands-on contract opportunity for a technically strong data professional who..."
48a659d57caf69f5,2026-09-05,2026-09-07,"Data Engineer (Mid‑Level), Global",Vantage Data Centers,"London, UK",False,53762.02,53762.02,GBP,annual,True,Adzuna estimate,,full_time,2026-09-04,Adzuna,https://www.adzuna.co.uk/jobs/details/5870780467?utm_medium=api&utm_source=jobaggregator,"About Vantage Vantage powers, cools, protects and connects the technology of the world’s well-known hyperscalers, cloud providers and large enterprises. Developing and operating across North America, EMEA and Asia Pacific, Vantage has evolved data center design in innovative ways to deliver dramatic gains in reliability, efficiency and sustainability in flexible environments that can scale as..."
acf1f3fe21e0d274,2026-09-05,2026-09-07,Analytics Engineer (UK Cards),Lendable,"London, UK",False,48621.7,48621.7,GBP,annual,True,Adzuna estimate,,full_time,2026-09-04,Adzuna,https://www.adzuna.co.uk/jobs/details/5870780168?utm_medium=api&utm_source=jobaggregator,About Lendable Lendable is on a mission to build the world's best technology to help people get credit and save money. We're building one of the world’s leading fintech companies and are off to a strong start: One of the UK’s newest unicorns with a team of just over 700 people Among the fastest-growing tech companies in the UK Profitable since 2017 Backed by top investors including Balderton...
01d44d0f265e1db7,2026-09-04,2026-09-18,Senior Data Engineer Microsoft Fabric Azure data,Huxley Associates,"London, UK",False,75000.0,75000.0,GBP,annual,False,,permanent,,2026-09-03,Adzuna,https://www.adzuna.co.uk/jobs/details/5869552145?utm_medium=api&utm_source=jobaggregator,"Senior Data Engineer Microsoft Fabric Azure data This is a new and exclusive opportunity for a Senior Data Engineer with strengths in Microsoft Azure data to be a key lead in strengthening, evolving, and modernising our core data platforms. Job details Title: Senior Data Engineer Technical Stack: Microsoft Azure data Location: London or Glasgow with 1 day a week in the office Industry: STEM..."
d15cbaca558c31f5,2026-09-04,2026-09-18,Senior Data Engineer Microsoft Fabric Azure data,SThree UK,"London, UK",False,50000.0,75000.0,GBP,annual,False,,permanent,full_time,2026-09-03,Adzuna,https://www.adzuna.co.uk/jobs/details/5869548176?utm_medium=api&utm_source=jobaggregator,"Senior Data Engineer Microsoft Fabric Azure data This is a new and exclusive opportunity for a Senior Data Engineer with strengths in Microsoft Azure data to be a key lead in strengthening, evolving, and modernising our core data platforms. Job details Title: Senior Data Engineer Technical Stack: Microsoft Azure data Location: London or Glasgow with 1 day a week in the office Industry: STEM..."
df6ba678d53cab99,2026-09-04,2026-09-18,"Senior Data Engineer (dbt, Snowflake, AWS)",Sanderson,"Bristol, South West England",True,600.0,700.0,GBP,annual,False,,contract,full_time,2026-09-03,Adzuna,https://www.adzuna.co.uk/jobs/land/ad/5869442984?se=TKGeTEqo8RG7o9UvOH5KAA&utm_medium=api&utm_source=jobaggregator&v=5534618D365AD2AE9BB416579AA3020751A6FA96,"Senior Data Engineer (Contract) x3 South West - Highly Remote | 6 Months | £600-£700/day Umbrella | ASAP Start Core Skills: Data Engineering, Snowflake, dbt, AWS, SQL, Data Modelling, Cloud Platforms, Agile Delivery, Data Pipelines, Analytics Engineering An exciting opportunity has arisen for 3 Senior Data Engineers to join a high performing Data & Analytics team during a critical period of..."
2f5f6ee047716c76,2026-09-04,2026-09-18,"Senior Data Engineer (dbt, Snowflake, AWS)",Sanderson,Bristol,True,600.0,700.0,GBP,daily,False,,contract,,2026-09-03,Reed,https://www.reed.co.uk/jobs/senior-data-engineer-dbt-snowflake-aws/57306930,"Senior Data Engineer (Contract) x3 South West - Highly Remote | 6 Months | 600- 700/day Umbrella | ASAP Start Core Skills: Data Engineering, Snowflake, dbt, AWS, SQL, Data Modelling, Cloud Platforms, Agile Delivery, Data Pipelines, Analytics Engineering An exciting opportunity has arisen for 3 Senior Data Engineers to join a high performing Data & Analytics team during a critical period of growth..."
6f96cc306fc9619d,2026-09-04,2026-09-05,Lead Data Engineer,IO Associates,"London, UK",False,104000.0,143000.0,GBP,annual,False,,,,2026-09-03,Adzuna,https://www.adzuna.co.uk/jobs/details/5869552141?utm_medium=api&utm_source=jobaggregator,"My client is seeking an experienced Lead Data Engineer to drive the design, delivery, and evolution of a modern data platform built on Databricks , Microsoft Fabric , Azure Synapse , and Azure . This is a hands-on technical leadership role where you'll guide a team of Data Engineers, set engineering standards, and deliver scalable, secure, high-performing data solutions. What you'll lead Lead and..."
759386284e0c6c2c,2026-09-04,2026-09-04,Lead Data Engineer,Kinetech Recruitment,"The City, Central London",False,75000.0,75000.0,GBP,annual,False,,,,2026-09-03,Adzuna,https://www.adzuna.co.uk/jobs/details/5869546382?utm_medium=api&utm_source=jobaggregator,"Lead Data Engineer Hybrid Working 24 days per month in the office (East London / Essex) Salary to £75k Bonus A Lead Data Engineer is required to take technical ownership of an evolving Microsoft Fabric data platform. Fabric has already been implemented and a number of key data sources are being ingested into the Bronze layer. The next phase is about maturing the platform through Silver and Gold,..."
1c419fd762fa11d5,2026-09-04,2026-09-05,GCP Data Engineer,Gazelle Global Consulting Ltd,"London, UK",False,47519.71,47519.71,GBP,annual,True,Adzuna estimate,contract,,2026-09-03,Adzuna,https://www.adzuna.co.uk/jobs/land/ad/5869622931?se=ghzNSUqo8RG7o9UvOH5KAA&utm_medium=api&utm_source=jobaggregator&v=6FD7F93DC2B4242EDFDE2F585544E3E041E2EB8A,"We're looking for a GCP Data Engineer to join an exciting 12-month contract in London, working on the design and delivery of scalable cloud-based data platforms. This is a strong opportunity for someone with hands-on GCP experience who enjoys building reliable data solutions across both batch and real-time environments. You'll be involved in data engineering initiatives supporting modern..."
24f366cf2ee8faca,2026-09-04,2026-09-05,GCP Data Engineer,Gazelle Global Consulting Limited,"The City, Central London",False,47692.23,47692.23,GBP,annual,True,Adzuna estimate,contract,full_time,2026-09-03,Adzuna,https://www.adzuna.co.uk/jobs/details/5869546291?utm_medium=api&utm_source=jobaggregator,"We're looking for a GCP Data Engineer to join an exciting 12-month contract in London, working on the design and delivery of scalable cloud-based data platforms. This is a strong opportunity for someone with hands-on GCP experience who enjoys building reliable data solutions across both batch and real-time environments. You'll be involved in data engineering initiatives supporting modern..."
48c5ffb014c4659a,2026-09-04,2026-09-04,Data Engineer with Modelling Experience (DE),Next-Link,"Higham Hill, East London",False,65938.11,65938.11,GBP,annual,True,Adzuna estimate,contract,,2026-09-03,Adzuna,https://www.adzuna.co.uk/jobs/details/5869493381?utm_medium=api&utm_source=jobaggregator,"Role Overview Nextlink is seeking an experienced Data Engineer with strong expertise in data warehouse and graph data modelling to design, develop, and maintain scalable data solutions within a cloud-native Google Cloud Platform (GCP) environment. The successful candidate will possess hands-on experience across the GCP data ecosystem, modern data engineering frameworks, CI/CD automation,..."
0e6ed2552ac4f0fb,2026-09-04,2026-09-17,Data Engineer Azure - GCP,Xcede,"London, UK",True,45428.38,45428.38,GBP,annual,True,Adzuna estimate,contract,,2026-09-03,Adzuna,https://www.adzuna.co.uk/jobs/details/5869554112?utm_medium=api&utm_source=jobaggregator,"Senior Data Engineer Cross-Cloud & Knowledge Graph Remote | Outside IR35 Were looking for a Senior Data Engineer to join a global organisation working on a cross-cloud data engineering initiative, building scalable pipelines between Azure and Google Cloud. Key skills: Strong Python & SQL experience Hands-on Azure Databricks, Delta Lake & Unity Catalog Strong GCP / BigQuery / GCS experience Apache..."
f5209004a882581e,2026-09-04,2026-09-05,Data Engineer,Synergy Resourcing Solutions Limited,"Bloomsbury, Central London",False,80000.0,90000.0,GBP,annual,False,,,full_time,2026-09-03,Adzuna,https://www.adzuna.co.uk/jobs/land/ad/5869444136?se=ghzNSUqo8RG7o9UvOH5KAA&utm_medium=api&utm_source=jobaggregator&v=748E5929ED76749048AADB8EF26B6C891E20E6B4,"We're recruiting a Data Engineer to join an organisation that's modernising its enterprise data platform and preparing for the next generation of analytics and AI driven solutions. Working Pattern: 3 days per week in the office You will be responsible for shaping how data is structured, governed and consumed across the business, with a strong focus on modern engineering practices rather than..."
53c48c54aa065357,2026-09-04,2026-09-13,C++ Market Data Engineer,McGregor Boyall Associates Limited,"South East London, London",False,84777.22,84777.22,GBP,annual,True,Adzuna estimate,,,2026-09-03,Adzuna,https://www.adzuna.co.uk/jobs/details/5869551757?utm_medium=api&utm_source=jobaggregator,"I'm working with a global multi-strategy hedge fund hiring a Manager, Market Data Engineering into their Data Technology team. The role owns the systems that capture, redistribute, derive and serve real-time and historical market data to investment teams across Equities, Macro, Commodities and Credit. It's a build-and-lead role, not a maintenance one. What's involved: Architecting the firm's..."
20b7088ac9bb7e56,2026-09-04,2026-09-04,Azure Data Engineer,We build homes for sale or rent across the country,"London, UK",False,49502.0,49502.0,GBP,annual,False,,contract,full_time,2026-09-03,Adzuna,https://www.adzuna.co.uk/jobs/details/5869159243?utm_medium=api&utm_source=jobaggregator,"Title: Azure Data Engineer Contract Type: Two Fixed Term Contacts until 31/08/2027, Full-Time, 35 hours Salary: Starting from £57,094 per annum dependent on experience (London weighted salary) or from £49,502 per annum (Regional salary), dependant on experience Grade: 10 Reporting Office: London, Stratford or Manchester, Trafford Persona: Agile Worker: 20% - 40% of contractual hours to be worked..."
061b5632f8927046,2026-09-03,2026-09-03,Senior Data Engineer,Prism Digital,"London, UK",False,70000.0,100000.0,GBP,annual,False,,permanent,full_time,2026-09-03,Adzuna,https://www.adzuna.co.uk/jobs/details/5868099038?utm_medium=api&utm_source=jobaggregator,"Senior Data Engineer | Python, Vector Databases & AI Data Pipelines | Early Engineer at an AI Platform Rebuilding an Entire Industry's Back Office Salary: £70,000 - £100,000 Location: Victoria, central London. 4 days a week on-site, Wednesdays from home There's a particular kind of frustration that comes from watching an entire industry run on spreadsheets, phone calls and email chains long after..."
c76b2eedfd8713be,2026-09-03,2026-09-03,Lead Data Engineer,Prism Digital,"London, UK",False,80000.0,110000.0,GBP,annual,False,,permanent,full_time,2026-09-03,Adzuna,https://www.adzuna.co.uk/jobs/details/5868099039?utm_medium=api&utm_source=jobaggregator,"Lead Data Engineer | Python, Vector Databases & AI Data Pipelines | Early Data Hire at an AI Platform Rebuilding an Entire Industry's Back Office Salary: £80,000 - £110,000 Location: Victoria, central London. 4 days a week on-site, Wednesdays from home There's a particular kind of frustration that comes from watching an entire industry run on spreadsheets, phone calls and email chains long after..."
86d3aad4394ef8b0,2026-09-03,2026-09-08,Data Engineer,Trust in SODA,UK,True,117000.0,156000.0,GBP,annual,False,,contract,full_time,2026-09-03,Adzuna,https://www.adzuna.co.uk/jobs/details/5868099018?utm_medium=api&utm_source=jobaggregator,"Data Engineer – Contract Position – HIRING ASAP Location: Remote Working Start Date: ASAP Duration: 12-Month Contract Daily Rate: £450 - £600 per day outside IR35 Summary Our client is building a Law Firm Digital Twin: a working simulation of how a law firm operates, built from the firm's own data. Data from the firm's operational systems (practice management and finance, HR, client onboarding,..."
2ed163ab8f148512,2026-09-03,2026-09-03,Lead Data Analytics Engineer,HCLTech,"Monument, Central London",False,30000.0,50000.0,GBP,annual,False,,,full_time,2026-09-02,Adzuna,https://www.adzuna.co.uk/jobs/details/5866960559?utm_medium=api&utm_source=jobaggregator,"Salary: £30,000 - 50,000 per year Requirements: Expert Snowflake knowledge and advanced dbt (Core/Cloud) experience. Semantic Modelling, Dimensional Modelling (Kimball), and Business/Logical/Physical Modelling experience. A software engineering mindset applied to SQL. Experience with Git workflows and automated testing. Responsibilities: Build and maintain scalable modular data models using dbt..."
9f1ca2837e696be6,2026-09-03,2026-09-03,Data Engineer with Modelling Experience (DE),INSIGHT INTERNATIONAL Limited,"London, UK",False,69710.7,69710.7,GBP,annual,True,Adzuna estimate,,,2026-09-02,Adzuna,https://www.adzuna.co.uk/jobs/details/5867507448?utm_medium=api&utm_source=jobaggregator,"Job Summary (List Format): - Design, build, and maintain scalable data pipelines and transformation workflows in a GCP environment - Implement and manage CI/CD pipelines using GitLab - Deploy and maintain infrastructure using Terraform (Infrastructure-as-Code) - Develop and orchestrate data workflows with Airflow (Google Cloud Composer) - Model data at both data warehouse and graph database..."
93893576f3b50f6c,2026-09-03,2026-09-03,Data Engineer,Qogita,"London, UK",False,66174.72,66174.72,GBP,annual,True,Adzuna estimate,,full_time,2026-09-02,Adzuna,https://www.adzuna.co.uk/jobs/details/5867242694?utm_medium=api&utm_source=jobaggregator,"Description You're a data engineer who builds and maintains reliable pipelines that turn raw commercial and operational data into trusted, queryable datasets. You bring hands-on experience with modern ELT tooling and a track record of shipping pipelines that hold up under production load. This role exists to make sure every team at Qogita can trust the data they build on. The Data Engineering..."
8f9e7446c7332876,2026-09-03,2026-09-03,Associate Data Engineer,ASOS,"London, UK",False,56528.28,56528.28,GBP,annual,True,Adzuna estimate,,,2026-09-02,Adzuna,https://www.adzuna.co.uk/jobs/details/5867625217?utm_medium=api&utm_source=jobaggregator,"Job Description ASOS Technology is going through an exciting period of investment and evolution, with several strategic programmes designed to support our continued global growth. Within ASOS Technology, the Digital Data Engineering team builds high‑quality, scalable data solutions across the ASOS Digital domain. The team works with modern data platforms and engineering practices, supports..."
6691e7d7ed8bf3db,2026-09-03,2026-09-09,Analytics Engineer,Pleo,"London, UK",False,70000.0,105000.0,GBP,annual,False,,,full_time,2026-09-02,Adzuna,https://www.adzuna.co.uk/jobs/details/5867248243?utm_medium=api&utm_source=jobaggregator,"About Pleo Messy spend management is tricky business. And tedious processes are a lose-lose situation for all involved, not just finance. At Pleo, we're changing that. We build spend solutions that make managing money seamless, empowering, and surprisingly effective for finance teams and employees alike - with a vision to help all businesses ‘go beyond’. The word ‘Pleo’ actually means ‘more than..."
ad02a5c00e314185,2026-09-02,2026-09-02,Senior Data Engineer | AWS | Azure | SAP (Contract),Deloitte - Recruitment,"Farringdon, Central London",False,98528.6,98528.6,GBP,annual,True,Adzuna estimate,contract,,2026-09-02,Adzuna,https://www.adzuna.co.uk/jobs/details/5866218212?utm_medium=api&utm_source=jobaggregator,Contract Role: Senior Data Engineer Contract Location: London 4-5 days onsite each week Contract Start: Starting ASAP (inside IR35) Contract duration: End of 2026 Payroll provider: Rockford Payroll Info for Contingent Workers – Rockford Pay Roles and Responsibilities: The Senior Data Engineer is the one who designs and builds data foundations and end to end solutions for the business to maximize...
2de4fca1d11d9bc3,2026-09-02,2026-09-04,"Data Engineering Consultant, Data Bricks, Snowflake, Fabric, Consulting, City of London",Carrington Recruitment Solutions Ltd,"London, UK",True,120000.0,160000.0,GBP,annual,False,,,full_time,2026-09-02,Adzuna,https://www.adzuna.co.uk/jobs/land/ad/5866345952?se=7OscQLim8RGt6tin8_924A&utm_medium=api&utm_source=jobaggregator&v=585EC078E37075110C8FBBE09A8F058E8F46F0B5,"Data Engineering Consultant, Data Specialist, Data Bricks, Snowflake, Data Analytics, Azure, Fabric, ML, Azure, Mainly Remote Data Consultant / Data Specialist required to join a fast growing Professional Services business based in the City of London. As this is an external client facing consulting role, you will be expected to be in the office circa 4 days a week and then be prepared to travel..."
e0c54ef18cd7d2df,2026-09-02,2026-09-04,"Data Engineering Consultant, Data Bricks, Snowflake, Fabric Consulting",Carrington Recruitment Solutions Limited,"The City, Central London",True,100000.0,100000.0,GBP,annual,False,,,,2026-09-02,Adzuna,https://www.adzuna.co.uk/jobs/details/5866522021?utm_medium=api&utm_source=jobaggregator,"Data Engineering Consultant, Data Specialist, Data Bricks, Snowflake, Data Analytics, Azure, Fabric, ML, Azure, Mainly Remote Data Consultant / Data Specialist required to join a fast growing Professional Services business based in the City of London. As this is an external client facing consulting role, you will be expected to be in the office circa 4 days a week and then be prepared to travel..."
cfc14edd59c83641,2026-09-02,2026-09-02,Senior Data Engineer - Databricks,Anson Mccade,"London, UK",False,149500.0,149500.0,GBP,annual,False,,contract,,2026-09-01,Adzuna,https://www.adzuna.co.uk/jobs/details/5865265507?utm_medium=api&utm_source=jobaggregator,"Role: Databricks Lead Engineer Location: London (Hybrid / On-site requirement: 3 days per week in London ) Rate: Up to £575/day (Inside IR35) Contract Length: 6 months with potential extension Start Date: ASAP Role Summary We are seeking an experienced Databricks Lead Engineer to drive the design, development, and optimization of enterprise-scale data platforms. The ideal candidate will have..."
17457071442c2b11,2026-09-02,2026-09-18,Senior Analytics Engineer,Harnham - Data & Analytics Recruitment,Brighton,True,85000.0,90000.0,GBP,annual,False,,permanent,,2026-09-01,Reed,https://www.reed.co.uk/jobs/senior-analytics-engineer/57298181,"Senior Analytics Engineer Permanent | 90,000 Base + Quarterly Bonus + Benefits Fully Remote (UK) | Quarterly Travel to Brighton An exciting opportunity has arisen for an experienced Senior Analytics Engineer to join a growing organisation that places data at the heart of business decision-making. The Role: As a Senior Analytics Engineer, you will lead the delivery of analytics and data solutions..."
cb81c2117173b48f,2026-09-02,2026-09-02,Lead Data Engineer,Nextech Group Limited,"South West London, London",False,100000.0,100000.0,GBP,annual,False,,,full_time,2026-09-01,Adzuna,https://www.adzuna.co.uk/jobs/details/5865267726?utm_medium=api&utm_source=jobaggregator,"Lead Data Engineer London (Hybrid) | Full-time | Up to £160K equity We're a fast-growing AI company in London looking for our first senior data hire to architect and lead the data infrastructure behind our AI platform, real-time pipelines, analytics, vector databases, and ML data workflows, setting the standards the whole future data team will be built on. This is an individual contributor role:..."
610368f437c81127,2026-09-02,2026-09-02,Data Engineer (Contract),Harnham - Data & Analytics Recruitment,"London, UK",False,450.0,460.0,GBP,annual,False,,contract,full_time,2026-09-01,Adzuna,https://www.adzuna.co.uk/jobs/land/ad/5865193068?se=7OscQLim8RGt6tin8_924A&utm_medium=api&utm_source=jobaggregator&v=F22F4D0D75F2F4869120BDD5E0721641D33B680D,"Data Engineer - Data Platform Modernisation Harnham is partnering with a major European consumer organisation on a large-scale modernisation of its data platform. Operating across multiple markets with millions of consumers, the organisation has grown significantly over time, resulting in a complex data estate spanning different technologies, platforms and legacy environments. They are now..."
a0d5f51fc8b0820e,2026-09-02,2026-09-04,Analytics Engineer,IOA Personal Lines Ltd,"Northern Ireland, UK",True,69190.71,69190.71,GBP,annual,True,Adzuna estimate,permanent,full_time,2026-09-01,Adzuna,https://www.adzuna.co.uk/jobs/land/ad/5865197787?se=qIs7Q7im8RG47MvhImrnRA&utm_medium=api&utm_source=jobaggregator&v=FAC2586A16C8E9885C98D727F3B99E4CACBE9B73,"Analytics Engineer Remote Location: Northern Ireland Position Title: Analytics Engineer Department: Enterprise Systems Reports To: Director, Data Engineering Supervises: N/A Classification: Full Time, Permanent JOB SUMMARY: The Analytics Engineer plays a key role in bridging Data Engineering and Analytics functions, transforming raw data into trusted, business-ready datasets and insights. This..."
a27b4b10fc37fb95,2026-09-02,2026-09-03,AI-Enabled Data Analytics Engineer [212690],Aquent UK,"London, UK",False,51435.92,51435.92,GBP,annual,True,Adzuna estimate,contract,,2026-09-01,Adzuna,https://www.adzuna.co.uk/jobs/land/ad/5865050790?se=7OscQLim8RGt6tin8_924A&utm_medium=api&utm_source=jobaggregator&v=61039F6A048DD1F27DE60E415EF1EF870E305C17,"Aquent is partnering with a prominent, forward-thinking organization at the forefront of innovation, dedicated to leveraging cutting-edge technology to solve complex business challenges. This client is known for its dynamic environment and commitment to pushing the boundaries of what’s possible in the digital landscape. Are you ready to shape the future of data-driven decision-making? We are..."
7476ce145c3ff10f,2026-09-01,2026-09-01,"Staff Software Engineer, Data Engineering",Ripple,"London, UK",False,67324.41,67324.41,GBP,annual,True,Adzuna estimate,,full_time,2026-09-01,Adzuna,https://www.adzuna.co.uk/jobs/land/ad/5863587548?se=PN4JrvOl8RGMBIVW-SmUVQ&utm_medium=api&utm_source=jobaggregator&v=953272D0E3DE4DBA0753A63E5E734FFB65F3E36D,"At Ripple, were building a world where value moves like information does today. Its big, its bold, and were already doing it. Through our crypto solutions for financial institutions, businesses, governments and developers, we are improving the global financial system and creating greater economic fairness and opportunity for more people, in more places around the world. And we get to do the best..."
1243dc0279066b24,2026-09-01,2026-09-15,AI & Data Engineer,Lorien,London,True,83274.52,83274.52,GBP,annual,True,Adzuna estimate,,,2026-09-01,Reed,https://www.reed.co.uk/jobs/ai-data-engineer/57295928,"AI & Data Engineer Remote First Working - Travel to local site when required. Financial Services Lorien's leading Lorien's leading Pension and Investments client is looking for a hands-on AI & Data Engineer to design, build and productionise AI agents, automation solutions, Retrieval-Augmented Generation (RAG) capabilities and data products supporting Balance Sheet Modelling . The role will work..."
528173fa35c08474,2026-09-01,2026-09-03,Lead Data Engineer,Hatched Recruitment,"London, UK",False,80000.0,95000.0,GBP,annual,False,,permanent,full_time,2026-08-31,Adzuna,https://www.adzuna.co.uk/jobs/details/5863127032?utm_medium=api&utm_source=jobaggregator,"Lead Data Engineer Are you an experienced Lead Data Engineer looking to shape the future of a modern cloud data platform? This is an exciting opportunity to join a growing technology business where you'll provide technical leadership, define engineering best practices, and help build scalable, high-performing data solutions. As a senior individual contributor, you'll act as the technical..."
7f54da9a71a34dc1,2026-09-01,2026-09-01,Data Engineer (start up),Harnham - Data & Analytics Recruitment,"London, UK",False,80000.0,90000.0,GBP,annual,False,,,full_time,2026-08-31,Adzuna,https://www.adzuna.co.uk/jobs/land/ad/5863110000?se=PN4JrvOl8RGMBIVW-SmUVQ&utm_medium=api&utm_source=jobaggregator&v=032BDC224E0ABBFB0C139A39A2B1E8C08B129D53,"Data Engineer up to £90,000 London This is a fantastic opportunity to join a rapidly scaling, venture-backed AI startup, where you'll take ownership of the data infrastructure behind a cutting-edge healthcare intelligence platform. Working alongside the founding team, you'll play a pivotal role in building scalable data products from the ground up. THE COMPANY: This high-growth healthcare AI..."
7aabe72c322d1bd1,2026-09-01,2026-09-01,Data Engineer (FinTech),Harnham - Data & Analytics Recruitment,"London, UK",False,92506.82,92506.82,GBP,annual,True,Adzuna estimate,,,2026-08-31,Adzuna,https://www.adzuna.co.uk/jobs/land/ad/5863134214?se=PN4JrvOl8RGMBIVW-SmUVQ&utm_medium=api&utm_source=jobaggregator&v=44F368342024E2EA87DE5DCB9E2D5AE53E14EDE9,"DATA ENGINEER Up to £70,000 Benefits London (Hybrid) This is a great opportunity to join a high-growth FinTech where you can take ownership of the data infrastructure and decisioning systems that power a live lending platform. THE COMPANY: Thisis a fast-growing FinTech lender entering an exciting growth phase, supported by new funding. Rather than relying solely on traditional credit scoring, the..."
6cc09111135d2484,2026-08-31,2026-09-14,Data Engineer,Anson McCade,"London, UK",False,63805.51,63805.51,GBP,annual,True,Adzuna estimate,contract,full_time,2026-08-31,Adzuna,https://www.adzuna.co.uk/jobs/land/ad/5862926810?se=WN1m2jal8RGxSf1iGXKoQA&utm_medium=api&utm_source=jobaggregator&v=632C942B7F6FA50B02916795A059B5AFC70DCDF8,"£450 - £600 GBP Hybrid WORKING Location: Central London, Greater London - United Kingdom Type: Contract Data Engineer Seeking experienced Data Engineers to support a growing data transformation and cloud modernisation programme. This role is suited to strong developers and delivery-focused engineers rather than technical leads. Candidates should be comfortable working independently, collaborating..."
d9f843b68305f944,2026-08-31,2026-08-31,Senior Data Engineer,Arcadis,"Aldgate, Central London",False,77560.59,77560.59,GBP,annual,True,Adzuna estimate,,full_time,2026-08-30,Adzuna,https://www.adzuna.co.uk/jobs/details/5862284757?utm_medium=api&utm_source=jobaggregator,"Description Arcadis is the world's leading company delivering sustainable design, engineering, and consultancy solutions for natural and built assets. We are more than 34,000 people, in over 30 countries, dedicated to improving quality of life. Everyone has an important role to play. With the power of many curious minds, together we can solve the world’s most complex challenges and deliver more..."
b9411db64109a605,2026-08-30,2026-09-01,Senior Data Analytics Engineer,Flash Pack,"London, UK",False,70259.59,70259.59,GBP,annual,True,Adzuna estimate,,,2026-08-29,Adzuna,https://www.adzuna.co.uk/jobs/details/5861195719?utm_medium=api&utm_source=jobaggregator,"About Flash Pack: When was the last time you made a new friend? Friendship profoundly improves our emotional wellbeing, sense of belonging, purpose and happiness. Everyone wants more human connection but making new friends is really hard. That’s why we exist, with a mission to create one million meaningful friendships across the globe, using the power of travel and technology as a platform for..."
9412c921a832f426,2026-08-30,2026-09-02,GA4 Data Engineer,Ocado Group,"Hatfield, Hertfordshire",False,53730.04,53730.04,GBP,annual,True,Adzuna estimate,,,2026-08-29,Adzuna,https://www.adzuna.co.uk/jobs/details/5861234059?utm_medium=api&utm_source=jobaggregator,"GA4 Data Engineer | Partner Sucsess | Hybrid Working | Hatfield Introduction: We are Ocado Group, and we're bringing world-class automation to online grocery. Our Ocado Smart Platform (OSP) combines cutting-edge robotics, AI, and IoT within our advanced CFCs (Customer Fulfilment Centres). We've mastered the single pick, transforming online delivery for our global partners. Join us and be part of..."
e509d5a00197c840,2026-08-30,2026-08-30,Data Engineering Manager/Microsoft Fabric,Careerwise UK,"London, UK",False,65591.84,65591.84,GBP,annual,True,Adzuna estimate,,,2026-08-29,Adzuna,https://www.adzuna.co.uk/jobs/details/5861230487?utm_medium=api&utm_source=jobaggregator,"Data Engineering Manager is required by a large organisation to lead the design, delivery, and operation of a Microsoft Fabric-based data platform supporting BI, analytics, AI/ML and other data initiatives across the organisation. You will be responsible for: Leading, mentoring, and growing a team of data engineers. Owning the roadmap for Fabric-based data platform. Managing delivery of data..."
f6d773387f0a0088,2026-08-30,2026-08-30,Data Engineer,Octopus Energy Group,"London, UK",False,62691.46,62691.46,GBP,annual,True,Adzuna estimate,,full_time,2026-08-29,Adzuna,https://www.adzuna.co.uk/jobs/details/5861224744?utm_medium=api&utm_source=jobaggregator,"Help us make a big green dent in the universe. We're on a mission to drive the global renewable energy revolution, and we need many more people to help us make our vision a reality. Octopus Energy Generation (OEGEN) is a leader in sourcing, investing in, and managing a wide range of utility-scale renewable energy assets. As we continue to expand our investment base, we are dedicated to building a..."
1544c7af885255cd,2026-08-29,2026-08-31,Senior Data Engineer (Data Platform),Rightmove,"Soho, West London",False,52000.0,71000.0,GBP,annual,False,,,full_time,2026-08-29,Adzuna,https://www.adzuna.co.uk/jobs/details/5861002634?utm_medium=api&utm_source=jobaggregator,"Salary: £52,000 - 71,000 per year Requirements: We have a strong track record of delivering significant impact in data engineering or data platform engineering, with deep experience building and operating large-scale, cloud-based data platforms. We thrive in ambiguity, able to define the problem, identify the right technical approach, and drive complex cross-functional projects to completion..."
5e0c32b65b4daf75,2026-08-29,2026-08-29,Senior Data Engineer,Solirius Consulting,"Victoria, South West London",False,55000.0,95000.0,GBP,annual,False,,,full_time,2026-08-29,Adzuna,https://www.adzuna.co.uk/jobs/details/5861004100?utm_medium=api&utm_source=jobaggregator,"Salary: £55,000 - 95,000 per year Requirements: We are looking for an experienced Senior Data Engineer. Experience operating as part of data engineering teams and independently. Line management or team management experience, with leadership experience. Experience working with cloud infrastructure such as Azure, AWS, or GCP. Strong SQL and relational database experience, such as MS SQL, Azure SQL,..."
8b77c9d20a2778e9,2026-08-29,2026-08-29,Senior Analytics Engineer,ZEGO,"Monument, Central London",False,40000.0,60000.0,GBP,annual,False,,,full_time,2026-08-29,Adzuna,https://www.adzuna.co.uk/jobs/details/5861001600?utm_medium=api&utm_source=jobaggregator,"Salary: £40,000 - 60,000 per year Requirements: Senior analytics engineering experience: 5 years as an Analytics Engineer or in a similar role Expert SQL skills: able to write fluently, debug quickly, and critically review SQL, including AI-generated code Proven data modelling ownership: dimensional modelling, defining grain, and shaping data domains for warehousing and BI Hands-on platform..."
8aef8391717698c5,2026-08-29,2026-08-29,Senior AI Data Engineer,ComplySci,"Monument, Central London",False,69000.0,109000.0,GBP,annual,False,,,full_time,2026-08-29,Adzuna,https://www.adzuna.co.uk/jobs/details/5861003937?utm_medium=api&utm_source=jobaggregator,"Salary: £69,000 - 109,000 per year Requirements: Strong hands-on experience in data engineering, with a focus on semantic or AI data infrastructure Experience building and operating knowledge graphs or graph databases (e.g. Jena Fuseki, Neo4j, Amazon Neptune, or equivalent) Experience with vector databases and embedding pipelines (e.g. Pinecone, Weaviate, Qdrant, pgvector) Practical experience..."
244fa7960d6c55fe,2026-08-29,2026-08-31,Python Analytics Engineer,Lendable,"Broadgate, Central London",False,55000.0,95000.0,GBP,annual,False,,,full_time,2026-08-29,Adzuna,https://www.adzuna.co.uk/jobs/details/5861003257?utm_medium=api&utm_source=jobaggregator,"Salary: £55,000 - 95,000 per year Requirements: We have strong technical fundamentals, excellent communication skills, and a genuine interest in building high-quality data products. We have experience working with SQL, Snowflake, or other modern data platforms. We have strong, modern Python development experience. We have some experience building and maintaining data pipelines, ETL processes, or..."
ae8c15527564d2f5,2026-08-29,2026-09-09,Lead Data Engineer,Liberis,"London, UK",False,60000.0,88000.0,GBP,annual,False,,,full_time,2026-08-29,Adzuna,https://www.adzuna.co.uk/jobs/details/5861001606?utm_medium=api&utm_source=jobaggregator,"Salary: £60,000 - 88,000 per year Requirements: Proven experience in data engineering roles, building and operating data pipelines at scale Hands-on experience with Modern Data Stack architectures, including ingestion, warehouse, transformation, orchestration, and reverse ETL Experience with tools such as DLT, Fivetran, or Airbyte for ingestion; BigQuery, Snowflake, or Redshift for warehousing;..."
3152b9afc8e92baf,2026-08-29,2026-08-29,Data Engineer,Pepper Media Holding,"Holborn, Central London",False,33000.0,35000.0,GBP,annual,False,,,full_time,2026-08-29,Adzuna,https://www.adzuna.co.uk/jobs/details/5861003635?utm_medium=api&utm_source=jobaggregator,"Salary: £33,000 - 35,000 per year Requirements: We are looking for a Data Engineer with a strong software engineering mindset who enjoys building data platforms and is dedicated to creating exceptional user experiences and driving innovation. We require experience writing code in Python. We require strong SQL skills. We require experience with cloud-based solutions on AWS or GCP. Nice to have:..."
ac6626cc604ce0cf,2026-08-29,2026-08-29,Data Engineer,BAE Systems,"Haymarket, South West London",False,59000.0,99000.0,GBP,annual,False,,,full_time,2026-08-29,Adzuna,https://www.adzuna.co.uk/jobs/details/5861003146?utm_medium=api&utm_source=jobaggregator,"Salary: £59,000 - 99,000 per year Requirements: Experience in data engineering, analysis or science, with a solid understanding of programming languages and how to apply them in a previous role Experience using data engineering tools and technologies, including ETL tools, Python and big data applications Demonstrable ability with previously used technologies, plus adaptability and willingness to..."
bc0bf6001388f934,2026-08-29,2026-08-29,BI & Data Engineer,Ashdown Group,"Teddington, South West London",False,50000.0,85000.0,GBP,annual,False,,,full_time,2026-08-29,Adzuna,https://www.adzuna.co.uk/jobs/details/5861002807?utm_medium=api&utm_source=jobaggregator,"Salary: £50,000 - 85,000 per year Requirements: Proven experience with SQL development, including database design and optimisation. Strong knowledge of Power BI, with a demonstrated ability to create impactful dashboards and reports. Experience with data modelling, ETL processes, and data warehousing concepts. Excellent analytical skills, with the ability to interpret complex data sets and..."
04a9888d998e29e5,2026-08-29,2026-09-06,Analytics Engineer,PaymentSense,"London, UK",False,25000.0,65000.0,GBP,annual,False,,,full_time,2026-08-29,Adzuna,https://www.adzuna.co.uk/jobs/details/5861003525?utm_medium=api&utm_source=jobaggregator,"Salary: £25,000 - 65,000 per year Requirements: A background in analytical engineering, data engineering, or a related data-focused role. Strong SQL skills and hands-on expertise building models with dbt. Experience with cloud data warehousing, preferably BigQuery, and BI platforms, ideally Looker. Familiarity with orchestration systems like Airflow and ingestion tools like Airbyte or Fivetran...."
691a5a920e32ba86,2026-08-29,2026-08-29,Azure Data Engineer,London and Quadrant Housing Trust,"The City, Central London",False,44983.72,44983.72,GBP,annual,True,Adzuna estimate,,,2026-08-28,Adzuna,https://www.adzuna.co.uk/jobs/details/5860068586?utm_medium=api&utm_source=jobaggregator,"Benefits include: Excellent pension plan (up to 6% double contribution), 28 days Annual Leave rising to 31 days with length of service Bank Holidays, Westfield Health Cash Plan, non-contributory life assurance, up to 21 hours volunteering paid days, lifestyle benefits, Employee Assistance Programme and many more Early applications are encouraged as we reserve the right to close the advertisement..."
b59d30a8031edefe,2026-08-28,2026-09-09,Staff Analytics Engineer,TapTap Send,"Broadgate, Central London",False,59000.0,91000.0,GBP,annual,False,,,full_time,2026-08-28,Adzuna,https://www.adzuna.co.uk/jobs/details/5859603065?utm_medium=api&utm_source=jobaggregator,"Salary: £59,000 - 91,000 per year Requirements: We want someone with 7 years in a data role, such as Analytics Engineering and/or Data Science. We need strong SQL skills and comfort working with large, complex datasets in dbt. We are looking for strong communication and stakeholder management skills. We want hands-on experience with cloud technology such as AWS, GCP, or Azure, and a modern cloud..."
0ab2f18e56b1db93,2026-08-28,2026-09-09,Staff Analytics Engineer,Monzo Bank,"Bishopsgate, Central London",False,30000.0,50000.0,GBP,annual,False,,,full_time,2026-08-28,Adzuna,https://www.adzuna.co.uk/jobs/details/5859602018?utm_medium=api&utm_source=jobaggregator,"Salary: £30,000 - 50,000 per year Requirements: We think in systems, not just queries, and have designed data architectures that span multiple products or domains. We have built data products that are governed, documented, versioned, discoverable, and trusted. We have deep fluency with analytics engineering systems and infrastructure, including dbt at scale, BigQuery or equivalent, CI/CD for..."
3edb13564ba5fd04,2026-08-28,2026-08-28,"Senior Data Engineer, Delivery Centre- London, Leeds, Manchester or Newcastle",CRELIMUK Credera Limited,"London, UK",False,73949.72,73949.72,GBP,annual,True,Adzuna estimate,,full_time,2026-08-28,Adzuna,https://www.adzuna.co.uk/jobs/land/ad/5859764276?se=cBbXQgqj8RGEeLI7Dotn4Q&utm_medium=api&utm_source=jobaggregator&v=44B75A4394DED5B0A3B291077B3184638FA70276,"Agency: Credera Job Function: Consulting Job Subfunction: Technology Consulting Job Description: Would you like to be part of a growing engineering capability in a people-centric organisation? Or perhaps work in an open and collaborative learning environment? Are you passionate about technology, people and developing your coding skills? We have got all this and more. Whatever your aspirations,..."
adee85ded8693de3,2026-08-28,2026-08-28,"Senior Consultant, Palantir Foundry Data Engineer",Deloitte,"Piccadilly, West London",False,95000.0,130000.0,GBP,annual,False,,,full_time,2026-08-28,Adzuna,https://www.adzuna.co.uk/jobs/details/5859603198?utm_medium=api&utm_source=jobaggregator,"Salary: £95,000 - 130,000 per year Requirements: We require applicants to be willing and eligible to apply for and obtain UK security clearance to Developed Vetting (DV) level, if not already holding existing clearance. We are looking for hands-on experience with technologies relevant to Palantir Foundry and Gotham. We need experience ingesting, transforming, enriching, and integrating data from..."
25d4786baf897846,2026-08-28,2026-09-15,Senior Azure Data Engineer,Randstad Technologies,"London, UK",True,80000.0,100000.0,GBP,annual,False,,permanent,full_time,2026-08-28,Adzuna,https://www.adzuna.co.uk/jobs/details/5858904964?utm_medium=api&utm_source=jobaggregator,"Senior Azure Data Engineer Location: Fully Remote with optional office access Salary: circa £80,000 to £100,000 plus benefits A global technology business based in London, is urgently looking for a new Senior Azure Data Engineer with strong experience of Databricks to join their team. Working closely with the Head of Data, you will be a senior member of the engineering team, responsible for..."
cfb6acda99efd632,2026-08-28,2026-08-28,Lead Data Engineer,TodayTix,"Bishopsgate, Central London",False,57000.0,97000.0,GBP,annual,False,,,full_time,2026-08-28,Adzuna,https://www.adzuna.co.uk/jobs/details/5859603153?utm_medium=api&utm_source=jobaggregator,"Salary: £57,000 - 97,000 per year Requirements: We are looking for a track record of leading engineers, with 8 years in data engineering or software engineering with a heavy data focus, including experience leading and growing engineers. We need deep SQL and dbt expertise, including production experience building and scaling dbt projects with models, tests, macros, and contracts. We need hands-on..."
1a3849867fb63d87,2026-08-28,2026-08-28,Databricks Data Engineer,NTT,"London, UK",False,85630.81,85630.81,GBP,annual,True,Adzuna estimate,,full_time,2026-08-28,Adzuna,https://www.adzuna.co.uk/jobs/details/5859771399?utm_medium=api&utm_source=jobaggregator,"Continue to make an impact with a company that is pushing the boundaries of what is possible. At NTT DATA, we are renowned for our technical excellence, leading innovations, and making a difference for our clients and society. Our workplace embraces diversity and inclusion – it’s a place where you can continue to grow, belong, and thrive. Your career here is about believing in yourself and..."
ec66e6e66f76108f,2026-08-28,2026-08-28,Data Engineer - Hybrid - Contract,Anson Mccade,"London, UK",False,104000.0,119600.0,GBP,annual,False,,contract,,2026-08-28,Adzuna,https://www.adzuna.co.uk/jobs/details/5859658594?utm_medium=api&utm_source=jobaggregator,"An experienced Data Engineer is required to support a major data transformation and cloud modernisation programme within a leading financial services organisation. This is a hands-on delivery role focused on designing scalable data pipelines, migrating legacy data assets and developing enterprise-grade data solutions using Databricks, Python, SQL and Oracle. The successful contractor will work..."
867e4daf4fc1a3bc,2026-08-28,2026-08-28,Data Engineer,Oscar,"St Lukes, Central London",False,49000.0,89000.0,GBP,annual,False,,,full_time,2026-08-28,Adzuna,https://www.adzuna.co.uk/jobs/details/5859603161?utm_medium=api&utm_source=jobaggregator,"Salary: £49,000 - 89,000 per year Requirements: 3 years commercial experience as a Data Engineer Strong Python and SQL skills Experience building and maintaining ETL/ELT pipelines Commercial experience working with Azure or AWS cloud platforms Experience with modern data platforms such as Databricks, Snowflake or Redshift Experience using orchestration tools such as Airflow, Azure Data Factory or..."
acc5ebe352f68b78,2026-08-28,2026-09-03,Data Engineer,FDM Group,London,False,40000.0,50000.0,GBP,annual,False,,contract,,2026-08-28,Reed,https://www.reed.co.uk/jobs/data-engineer/57286665,"About The Role FDM is a global business and technology consultancy seeking a Senior Data Engineer to work for our client within the Public Sector (Central Government) sector. This is initially a 6 month contract with very good prospects to extend and will be a hybrid role that will be based in Croydon, Salford or Liverpool. Our client is investing in its data and reporting capability. As a Senior..."
4d59b946555225b4,2026-08-28,2026-09-06,Data Analytics Engineer,Checkout.com,"Clerkenwell, Central London",False,45000.0,83000.0,GBP,annual,False,,,full_time,2026-08-28,Adzuna,https://www.adzuna.co.uk/jobs/details/5859603072?utm_medium=api&utm_source=jobaggregator,"Salary: £45,000 - 83,000 per year Requirements: 2 years of experience in an Analytics Engineering or Data Engineering role with a focus on large-scale data transformation and data warehousing. Excellent SQL coding skills. Experience with cloud-based data warehouse technologies such as Snowflake, Google BigQuery, or AWS Redshift. Experience with data transformation tools such as dbt or Dataflow...."
69bfb96232537ce5,2026-08-28,2026-08-28,Azure Data Engineer,L&Q,"Farringdon, Central London",False,56481.77,56481.77,GBP,annual,True,Adzuna estimate,contract,full_time,2026-08-28,Adzuna,https://www.adzuna.co.uk/jobs/details/5858934316?utm_medium=api&utm_source=jobaggregator,"Title: Azure Data Engineer Contract Type: FTC until 31/08/2027 & FTC until 29/03/2028, Full-Time, 35 hours Salary: Starting from £57,094 per annum dependent on experience (London weighted salary) or from £49,502 per annum (Regional salary), dependant on experience Grade: 10 Reporting Office: London, Stratford or Manchester, Trafford Persona: Agile Worker: 20% - 40% of contractual hours to be..."
6e459c833848b844,2026-08-28,2026-08-29,Analytics Engineer,Signal AI,"St Lukes, Central London",False,45000.0,55000.0,GBP,annual,False,,,full_time,2026-08-28,Adzuna,https://www.adzuna.co.uk/jobs/details/5859758060?utm_medium=api&utm_source=jobaggregator,"At Signal AI, we use cutting-edge AI technology to offer clarity on decisions that shape businesses and society. We value restless curiosity, creative thinking, and diverse perspectives as we strive to become AI-native. We believe that AI is a collaborator, not just a tool, and we invite passionate individuals to join us on our journey as we continue to learn, experiment, and grow together. About..."
ad973c72ffea4145,2026-08-28,2026-09-09,Analytics Engineer,Lendable,"Broadgate, Central London",False,55000.0,95000.0,GBP,annual,False,,,full_time,2026-08-28,Adzuna,https://www.adzuna.co.uk/jobs/details/5859602301?utm_medium=api&utm_source=jobaggregator,"Salary: £55,000 - 95,000 per year Requirements: We are looking for someone with strong technical fundamentals, excellent communication skills, and a genuine interest in building high-quality data products. Experience working with SQL, Snowflake, or other modern data platforms. Strong, modern Python development experience. Some experience building and maintaining data pipelines, ETL processes, or..."
763829058e809aeb,2026-08-28,2026-09-18,Senior Azure Data Engineer,Randstad Technologies Recruitment,"Farringdon, Central London",True,80000.0,100000.0,GBP,annual,False,,permanent,full_time,2026-08-27,Adzuna,https://www.adzuna.co.uk/jobs/land/ad/5858628589?se=WlLRRQqj8RGcfKYe_cIpvA&utm_medium=api&utm_source=jobaggregator&v=CA476DEC9A6874C179D356C40CE2103E9543E10B,"Senior Azure Data Engineer Location: Fully Remote with optional office access Salary: circa £80,000 to £100,000 plus benefits A global technology business based in London, is urgently looking for a new Senior Azure Data Engineer with strong experience of Databricks to join their team. Working closely with the Head of Data, you will be a senior member of the engineering team, responsible for..."
f94def622ce76055,2026-08-28,2026-09-03,Data Engineer,Pave Talent Partners Limited,"Darwen, Lancashire",True,75000.0,75000.0,GBP,annual,False,,permanent,,2026-08-27,Adzuna,https://www.adzuna.co.uk/jobs/details/5858680476?utm_medium=api&utm_source=jobaggregator,"Data Engineer - Remote/UK based A growing technical team is looking for a Data Engineer to join them at an exciting point in their data journey. This is a remote-first, permanent role within a small and collaborative technical team, where youll have genuine influence over how the data environment develops. Youll work alongside two other Data Engineers/Analysts, providing technical support and..."
fb941dd820c07730,2026-08-27,2026-08-28,Snowflake Data Engineer,NTT,"London, UK",False,76750.7,76750.7,GBP,annual,True,Adzuna estimate,,full_time,2026-08-27,Adzuna,https://www.adzuna.co.uk/jobs/details/5858370328?utm_medium=api&utm_source=jobaggregator,"Continue to make an impact with a company that is pushing the boundaries of what is possible. At NTT DATA, we are renowned for our technical excellence, leading innovations, and making a difference for our clients and society. Our workplace embraces diversity and inclusion – it’s a place where you can continue to grow, belong, and thrive. Your career here is about believing in yourself and..."
bbd134dc665995a5,2026-08-27,2026-08-28,"Senior Manager, Data Engineering",OMGEURUK Omnicom Media Group Europe,"London, UK",False,71188.27,71188.27,GBP,annual,True,Adzuna estimate,,full_time,2026-08-27,Adzuna,https://www.adzuna.co.uk/jobs/details/5858363964?utm_medium=api&utm_source=jobaggregator,"Agency: Omnicom Media Job Function: Data and Analytics Job Subfunction: Data Engineering Job Description: This role sits within our Data and Technology team. In this role, you will own and extend our config-driven data platform (DMI), which standardises ingestion, transformation, and delivery of paid media data across 26 ad platforms for multiple global clients. You will work closely with our..."
559632e299fc6a86,2026-08-27,2026-08-27,Senior Data Engineer,Kharon,"Soho, West London",False,95000.0,115000.0,GBP,annual,False,,,full_time,2026-08-27,Adzuna,https://www.adzuna.co.uk/jobs/details/5858372105?utm_medium=api&utm_source=jobaggregator,"TL;DR Kharon is seeking a full-time London-based Senior Data Engineer. Location: London, UK Annual Remuneration : £95,000 - £115,000 salary and discretionary annual bonus Pay Frequency : Monthly Probationary Period: 180 days Work Arrangement : Hybrid, 3-days per week RESPONSIBILITIES: Help build large-scale distributed automated data processing systems and data lakes, while optimizing for both..."
8b6c5be52c96de6d,2026-08-27,2026-08-27,Senior Data Engineer,Pacific Life Re,"London, UK",False,67073.32,67073.32,GBP,annual,True,Adzuna estimate,contract,full_time,2026-08-27,Adzuna,https://www.adzuna.co.uk/jobs/details/5858364174?utm_medium=api&utm_source=jobaggregator,"Job Title Senior Data Engineer Job Description Following extensive global expansion over several years and a drive to standardise common systems and platforms globally, PL Re is undertaking a major back-office transformation programme and has established a Divisional Data Team to develop and manage an enterprise-wide data solution, reporting services and to embed best practice data governance...."
79beed3b72de82cc,2026-08-27,2026-09-18,Senior Data Engineer,Apadmi,"Brighton, East Sussex",True,77914.97,77914.97,GBP,annual,True,Adzuna estimate,,,2026-08-27,Adzuna,https://www.adzuna.co.uk/jobs/details/5858362372?utm_medium=api&utm_source=jobaggregator,"Senior Data Engineer Performance Team | Brighton / mostly remote We’re looking for a Senior Data Engineer to join Apadmi and help establish and drive high-impact data engineering capabilities for one of our key healthcare client accounts. This is a senior, hands-on role combining technical depth with team leadership to build cloud-based data infrastructure, business intelligence tooling, and..."
56e66d5e152c93b5,2026-08-27,2026-09-18,Senior Analytics Engineering Consultant,Harnham - Data & Analytics Recruitment,London,True,70000.0,90000.0,GBP,annual,False,,,,2026-08-27,Reed,https://www.reed.co.uk/jobs/senior-analytics-engineering-consultant/57284426,"Senior Analytics Engineering Consultant Remote (UK) Up to 90,000 This is an opportunity to join a specialist data and analytics consultancy delivering impactful projects across cloud, data engineering, and business intelligence. You'll combine hands-on technical delivery with client-facing consulting, giving you real ownership of solutions and the chance to influence business outcomes. The..."
a1ade9484ce917b6,2026-08-27,2026-09-18,EMEA Lead Data Engineer,Gleeson Recruitment Group,"London, UK",True,80000.0,100000.0,GBP,annual,False,,,full_time,2026-08-27,Adzuna,https://www.adzuna.co.uk/jobs/details/5857633147?utm_medium=api&utm_source=jobaggregator,"EMEA Lead Data Engineer | Azure | Fabric | SQL £80K - £100K Remote role - some trips to london office I'm currently recruiting for a Lead Data Engineer to join a growing Data Platform team as they expand their data supply chain, connect new source systems and accelerate their move from Azure SQL to Microsoft Fabric . This is a high-impact technical role where you'll shape the technical direction..."
6ca4dd7911a835f3,2026-08-27,2026-09-02,Data Engineer – Azure / Databricks / Remote,MYO Talent,SO140AB,True,400.0,500.0,GBP,daily,False,,contract,,2026-08-27,Reed,https://www.reed.co.uk/jobs/data-engineer--azure-databricks-remote/57281379,Data Engineer – Azure / Databricks / 3-month contract / Remote Data Engineer / Data Engineering / Azure / Databricks / Ingestion / Pipelines / API / Azure API Management (APIM) / Python / 3-month contract / Outside IR35 / Fully remote / 400 – 500 per day. One of our leading clients is looking to recruit a Data Engineer. Location – Remote / home based / WFH Duration – Initial 3 month Day Rate –...
1f5a2b433ffc6295,2026-08-27,2026-09-03,Data Engineer Azure / Databricks - Remote,MYO Talent,"Southampton, Hampshire",True,104000.0,130000.0,GBP,annual,False,,contract,,2026-08-27,Adzuna,https://www.adzuna.co.uk/jobs/details/5858255236?utm_medium=api&utm_source=jobaggregator,Data Engineer Azure / Databricks / Financial Services / 3-month contract / Remote Data Engineer / Data Engineering / Azure / Databricks / Ingestion / Pipelines / API / Azure API Management (APIM) / Python / 3-month contract / Outside IR35 / Fully remote / £400 500 per day. One of our leading clients is looking to recruit a Data Engineer. Location Remote / home based / WFH Duration Initial 3 month...
35d26a7ca62cba50,2026-08-27,2026-09-18,Data Engineer - Fully Remote,Mercor,"London, UK",True,44479.29,44479.29,GBP,annual,True,Adzuna estimate,contract,,2026-08-27,Adzuna,https://www.adzuna.co.uk/jobs/details/5857741154?utm_medium=api&utm_source=jobaggregator,"About the job Mercor connects elite creative and technical talent with leading AI research labs. Headquartered in San Francisco, our investors include Benchmark , General Catalyst , Peter Thiel , Adam D'Angelo , Larry Summers , and Jack Dorsey . Position: Data Engineer (Coding Agent Experience) Type: Contract Compensation: $80/hour Location: Remote Role Responsibilities Use frontier AI coding..."
792303f7b3210e39,2026-08-27,2026-08-28,Data Engineer,First Quantum Minerals,"London, UK",False,49099.37,49099.37,GBP,annual,True,Adzuna estimate,,full_time,2026-08-27,Adzuna,https://www.adzuna.co.uk/jobs/details/5858387105?utm_medium=api&utm_source=jobaggregator,"At First Quantum, we free the talent of our people by taking a very different approach which is underpinned by a very different, very definite culture – the “First Quantum Way”. Working with us is not like working anywhere else, which is why we recruit people who will take a bolder, smarter approach to spot opportunities, solve problems and deliver results. Our culture is all about encouraging..."
5aee728976308d2f,2026-08-27,2026-08-28,Data Engineer,Morson Edge,"The City, Central London",True,143000.0,143000.0,GBP,annual,False,,contract,,2026-08-27,Adzuna,https://www.adzuna.co.uk/jobs/details/5858256031?utm_medium=api&utm_source=jobaggregator,"Data Engineer - £500-£550 per day - Inside IR35 - Primarily remote with occasional travel in the south of England - 6 months initial contract. Our client is looking for an experienced Data Engineer to join their growing data team, helping to build and develop a modern Microsoft Fabric data platform. This is an excellent opportunity to work with the latest Microsoft data technologies, delivering..."
1504ea06812d9708,2026-08-27,2026-09-18,Data Engineer,The GoodPeople Business Limited,"Leeds, West Yorkshire",True,32000.0,35000.0,GBP,annual,False,,permanent,full_time,2026-08-26,Adzuna,https://www.adzuna.co.uk/jobs/details/5857235798?utm_medium=api&utm_source=jobaggregator,"Data Engineer Location: Hybrid / Remote - must be within approximately 1 hour of Leeds Salary: £32,000-£35,000 depending on experience Contract: Full-time, Permanent Hours: 9:00am-5:00pm, Monday-Friday (36.25 hours per week) Office: Leeds, LS1 5EN - attendance required once a month About Zest Zest is helping to lead the transition to zero carbon through the delivery of electric vehicle charging..."
807dd960fb9e7c6a,2026-08-27,2026-09-18,Analytics Engineering Consultant,Harnham - Data & Analytics Recruitment,"London, UK",True,70000.0,90000.0,GBP,annual,False,,,,2026-08-26,Adzuna,https://www.adzuna.co.uk/jobs/details/5857216550?utm_medium=api&utm_source=jobaggregator,"Analytics Engineering Consultant Remote (UK) | £70,000 - £90,000 Must have full UK working rights, no sponsorship offered If you're a Analytics Engineering Consultant with strong expertise across Google Cloud, BigQuery, dbt and Looker, this is an opportunity to join a specialist data consultancy delivering high-impact analytics transformation projects. You'll work closely with clients, lead..."
66e4a184a67a29de,2026-08-27,2026-09-09,Data Engineer,Picture More,EC1Y8YY,True,70000.0,88000.0,GBP,annual,False,,permanent,,2026-08-18,Reed,https://www.reed.co.uk/jobs/data-engineer/57249827,"Data Engineer Permanent | 70,000 - 88,000 London | Global Professional Services Firm Hybrid - 3 days per week in the office / 2 WFH This is a hands-on BI and data role, taking ownership of a business-critical reporting and data platform covering an Enterprise Data Warehouse, Microsoft Power BI/Fabric and Azure Data Factory. You'll combine strong technical skills with application ownership,..."
d1e686af658d0ac0,2026-08-26,2026-08-26,Senior Data Engineer - Nectar (SN),Sainsbury's DTD,"London, UK",False,65945.27,65945.27,GBP,annual,True,Adzuna estimate,,,2026-08-25,Adzuna,https://www.adzuna.co.uk/jobs/details/5855991510?utm_medium=api&utm_source=jobaggregator,"hackajob is collaborating with Sainsbury's DTD to connect them with exceptional professionals for this role. About the role As a Senior Data Engineer, you will play a pivotal role in designing, building and optimising the data platforms, pipelines and services that enable scalable machine learning solutions across the organisation. You will partner closely with Data Scientists, to ensure data is..."
c276db04dec38b72,2026-08-26,2026-08-27,Senior Data Engineer - Nectar (SN),Sainsbury's,"London, UK",False,68078.65,68078.65,GBP,annual,True,Adzuna estimate,,,2026-08-25,Adzuna,https://www.adzuna.co.uk/jobs/land/ad/5855387343?se=wGq1ixih8RG4X69lrEaD5Q&utm_medium=api&utm_source=jobaggregator&v=F6C388CF46962968C358022145496EE5792487CE,"About the role As a Senior Data Engineer, you will play a pivotal role in designing, building and optimising the data platforms, pipelines and services that enable scalable machine learning solutions across the organisation. You will partner closely with Data Scientists, to ensure data is reliable, accessible and production-ready. You will also contribute to engineering excellence by driving best..."
e4f8d52e0ebe8a07,2026-08-26,2026-09-18,Senior Data Engineer (Fabric),Tenth Revolution Group,"London, UK",True,70000.0,90000.0,GBP,annual,False,,,full_time,2026-08-25,Adzuna,https://www.adzuna.co.uk/jobs/details/5855382659?utm_medium=api&utm_source=jobaggregator,"Senior Data Engineer - Microsoft Fabric - Fully Remote (UK-Based) - No Sponsorship Available - Leadership Opportunity - Up to £90,000 Are you a Senior Data Engineer looking for a fully remote role where you can shape the future of a growing data platform while leading a talented engineering team? We're working with a highly successful, technology-driven organisation that is investing heavily in..."
06dcf11eea826479,2026-08-26,2026-08-26,"Senior Data Engineer (Cloud, Data Integration & Migration)",NECSWS,"London, UK",False,68991.12,68991.12,GBP,annual,True,Adzuna estimate,,,2026-08-25,Adzuna,https://www.adzuna.co.uk/jobs/details/5855702772?utm_medium=api&utm_source=jobaggregator,"Job Description We are seeking an experienced Senior Data Engineer to join our growing Data Services team. This is a hands-on technical role focused on designing, building, and supporting cloud-based data solutions across AWS and Azure platforms. The successful candidate will have strong experience in data engineering, data integration, ETL/ELT development, data migration, data quality, and..."
ddb353898477416e,2026-08-26,2026-08-26,Investment Platform Data Engineer,Sanderson,"London, UK",False,800.0,800.0,GBP,annual,False,,contract,full_time,2026-08-25,Adzuna,https://www.adzuna.co.uk/jobs/details/5855616704?utm_medium=api&utm_source=jobaggregator,"Investment Platform Data Engineer Duration: Initial 4 Months Rate: Up to £800 per day - Inside IR35 Location: London - 2 Days Per Week Onsite A leading Investment Management organisation is seeking an experienced Investment Platform Data Engineer to join their team on an initial 4-month contract. Working closely with Investment Technology and Risk teams, you'll play a key role in enhancing and..."
70d2cd1db971dc90,2026-08-26,2026-09-08,Data Engineer/Developer,Advanced Resource Managers Limited,London,False,450.0,490.0,GBP,daily,False,,contract,,2026-08-25,Reed,https://www.reed.co.uk/jobs/data-engineer-developer/57272142,"Data Engineer/Developer Contract until the end of the year - Inside IR35 - up to 490 per day London based - hybrid working - 2-3 days a week onsite Asset Management sector - previous experience required Overview We are seeking a hands-on Software/Data Engineer to join a modern data platform team delivering analytics, reporting and AI-enabled solutions. This role is primarily focused on Snowflake,..."
e8427b329a83f9d2,2026-08-26,2026-09-01,Data Engineer Azure Databricks,MYO Talent,"Basingstoke, Hampshire",True,104000.0,130000.0,GBP,annual,False,,contract,,2026-08-25,Adzuna,https://www.adzuna.co.uk/jobs/details/5855716322?utm_medium=api&utm_source=jobaggregator,Data Engineer / Data Engineering / Azure / Databricks / Ingestion / Pipelines / API / Azure API Management (APIM ) / Python / 3-month contract / Outside IR35 / Fully remote / £400 500 per day. One of our leading clients is looking to recruit a Data Engineer. Location fully remote / home based Duration Initial 3 month Day Rate £400-500 per day Outside IR35 Role / Responsibilities: Define and build...
6a206501686fced1,2026-08-26,2026-08-26,Data Engineer (Snowflake),Required IT,"London, UK",False,500.0,600.0,GBP,annual,False,,,full_time,2026-08-25,Adzuna,https://www.adzuna.co.uk/jobs/details/5855373278?utm_medium=api&utm_source=jobaggregator,"About the Role We are seeking an experienced Data Engineer with deep expertise in Snowflake to join a growing Data & Analytics function. This is an exciting opportunity to play a pivotal role in designing, developing and optimising an enterprise data platform that underpins business intelligence, reporting and analytics across the organisation. The successful candidate will be responsible for..."
57c6dab9c1eae30b,2026-08-26,2026-08-26,Data Engineer (PLM) – Engineering Data Migration,OP,"Slough, Berkshire",False,53240.98,53240.98,GBP,annual,True,Adzuna estimate,contract,,2026-08-25,Adzuna,https://www.adzuna.co.uk/jobs/land/ad/5855334989?se=wGq1ixih8RG4X69lrEaD5Q&utm_medium=api&utm_source=jobaggregator&v=D5113ECEF565E8F3A5419C2AE3D3449BF9CB883A,"An exciting opportunity has arisen for an Engineering Data Engineer to join a leading aerospace organisation on an 18-month contract, supporting a major Product Lifecycle Management (PLM) transformation programme. This role is not a traditional cloud data engineering position . Instead, you'll take ownership of migrating engineering and product data, including CAD models, engineering drawings,..."
d0119f5bd7e48b4c,2026-08-26,2026-09-08,Data Engineer,Ashdown Group,"The City, Central London",False,45000.0,45000.0,GBP,annual,False,,,,2026-08-25,Adzuna,https://www.adzuna.co.uk/jobs/details/5855717149?utm_medium=api&utm_source=jobaggregator,"The UKs leading innovation accelerator organisation is seeking a technical and back-end focussed Data Engineer to join their Data Science team delivering digital and data solutions which accelerate innovation in the UK transport and build environment domains. This role is paying up to £47,000 DOE plus good benefits. The role is hybrid (2 days a week in either London, Milton Keynes or Birmingham..."
98c160e362cfb0ec,2026-08-25,2026-08-25,Scientific Data Engineer,Epoch Biodesign Limited,"London, UK",False,47999.55,47999.55,GBP,annual,True,Adzuna estimate,,,2026-08-25,Adzuna,https://www.adzuna.co.uk/jobs/details/5854705350?utm_medium=api&utm_source=jobaggregator,"Epoch Biodesign Epoch Biodesign is a global leader in enzymatic recycling, with a unique ultra-low emission process capable of producing virgin-quality materials from mixed waste streams. Epoch is currently building Europe’s first - and the world’s largest - nylon 66 biorecycling plant. In July 2026, Epoch acquired a 52,000 tpa nylon 66 polymerisation facility in Blanes, Spain - vertically..."
d7f4301cde32ad7a,2026-08-25,2026-08-31,Senior Data Analytics Engineer - B2C Financial Services,Client Server,"North West London, London",True,95000.0,95000.0,GBP,annual,False,,permanent,,2026-08-24,Adzuna,https://www.adzuna.co.uk/jobs/land/ad/5854511308?se=puMaHk-g8RGLZZiuaUCfOw&utm_medium=api&utm_source=jobaggregator&v=4EC9768B233869EE2F3F17227E4459620BAA4496,"Senior Data Analytics Engineer London / WFH to £95k Are you a Senior Data Analytics Engineer who combines strong technical skills with the ability to work closely with business stakeholders? You could be progressing your career in a senior, hands-on role at a well established consumer facing financial services company that help people to manage debt, as they go through a technical transformation..."
45a05f1cd216ed6b,2026-08-25,2026-08-25,Lead Data Engineer - International Consumer Bank (Chase UK),J.P. Morgan,"London, UK",False,52346.41,52346.41,GBP,annual,True,Adzuna estimate,,,2026-08-24,Adzuna,https://www.adzuna.co.uk/jobs/details/5854688010?utm_medium=api&utm_source=jobaggregator,"hackajob is collaborating with J.P. Morgan to connect them with exceptional professionals for this role. JOB DESCRIPTION At JP Morgan Chase, we understand that customers seek exceptional value and a seamless experience from a trusted financial institution. That's why we launched Chase UK to transform digital banking with intuitive and enjoyable customer journeys. With a strong foundation of trust..."
704dd0d7262f1b19,2026-08-25,2026-08-25,Lead Data Engineer,Gattaca PBS,"Kingston Upon Thames, South West London",True,80000.0,85000.0,GBP,annual,False,,permanent,full_time,2026-08-24,Adzuna,https://www.adzuna.co.uk/jobs/details/5854572917?utm_medium=api&utm_source=jobaggregator,"Lead Data Engineer (Databricks) Salary £65,000 Type Full time, permanent Hours 37.5 per week Location Remote or Hybrid UK, with occasional Richmond office attendance (a couple of times per month) Overview We are looking for a Lead Data Engineer to join the Retail Insight Data and Engineering team and own the architecture and development of our Databricks environment. This is a senior, hands on..."
06ea5b74510f0444,2026-08-25,2026-08-25,Data Engineer (Bioinformatics),Our Future Health,"London, UK",False,74000.0,74000.0,GBP,annual,False,,,full_time,2026-08-24,Adzuna,https://www.adzuna.co.uk/jobs/details/5854678933?utm_medium=api&utm_source=jobaggregator,"We’re looking for a Data Engineer with a strong background in bioinformatics and genetics to help build the data pipelines supporting Our Future Health’s growing Clinical Research Recruitment Service. This is an opportunity to combine genetics, bioinformatics and modern data engineering , working with data at significant scale while contributing directly to research that could improve how..."
3d94118189995ad1,2026-08-25,2026-09-18,Analytics Engineer - DBT,Method Resourcing,"London, UK",False,500.0,520.0,GBP,daily,False,,contract,,2026-08-24,Adzuna,https://www.adzuna.co.uk/jobs/details/5854368822?utm_medium=api&utm_source=jobaggregator,"Analytics Engineer l DBT Core l DBT Cloud l Bigquery l Data modelling l data warehouse l SQL l End-to-end l 6-Month Contract | £500-£520 per day | Outside IR35 l Hybrid London We're working with a fast-moving, product-led business looking for an Analytics Engineer to support their data team on an initial 6-month contract. This is a hands-on role sitting between data engineering and analytics -..."
e7d35b4bf89cd795,2026-08-24,2026-09-07,Senior Quantexa Data Engineer - London / Hybrid,Noir,"London, UK",False,60000.0,80000.0,GBP,annual,False,,permanent,full_time,2026-08-24,Adzuna,https://www.adzuna.co.uk/jobs/details/5854167548?utm_medium=api&utm_source=jobaggregator,"Senior Quantexa Data Engineer - London / Hybrid (Quantexa Data Engineer, Lead Data Engineer, Senior Data Engineer, Data Engineering Manager, Quantexa, Spark, Scala, Python Databricks, DevOps, CI/CD pipelines, Jenkins, GitHub Actions, Azure DevOps, Docker, Kubernetes, Quantexa Data Engineer) Our client is a global innovator and world leader with one of the most recognisable names within..."
e4b94e5e2030037d,2026-08-24,2026-09-18,Staff Data Engineer,Arbor Education,UK,True,71795.13,71795.13,GBP,annual,True,Adzuna estimate,,,2026-08-23,Adzuna,https://www.adzuna.co.uk/jobs/details/5853947844?utm_medium=api&utm_source=jobaggregator,"hackajob is collaborating with Arbor Education to connect them with exceptional professionals for this role. Staff Engineer (Data) Location: Remote Salary: £115,000 - £125,000 About us At Arbor, we’re on a mission to transform the way schools work for the better. We believe in a future of work in schools where being challenged doesn’t mean being burnt out and overworked. Where data guides..."
aa40bd71f112ce37,2026-08-24,2026-08-24,Sr. Lead Data Engineer,J.P. Morgan,"London, UK",False,63701.54,63701.54,GBP,annual,True,Adzuna estimate,,,2026-08-23,Adzuna,https://www.adzuna.co.uk/jobs/details/5853947840?utm_medium=api&utm_source=jobaggregator,hackajob is collaborating with J.P. Morgan to connect them with exceptional professionals for this role. JOB DESCRIPTION Embrace this pivotal role as an essential member of a high performing team dedicated to reaching new heights in data engineering. Your contributions will be instrumental in shaping the future of one of the world's largest and most influential companies. As a Senior Lead Data...
d009b268182c57d9,2026-08-24,2026-08-24,Senior Data Engineer,Artefact,"Barbican, Central London",False,66678.6,66678.6,GBP,annual,True,Adzuna estimate,,,2026-08-23,Adzuna,https://www.adzuna.co.uk/jobs/details/5853712332?utm_medium=api&utm_source=jobaggregator,"Senior Data Engineer Who we are Artefact is a new generation of data service provider, specialising in data consulting and data-driven digital marketing, dedicated to transforming data into business impact across the entire value chain of organisations. We are proud to say we’re enjoying skyrocketing growth. Our broad range of data-driven solutions in data consulting and digital marketing are..."
d8c2276be2150436,2026-08-24,2026-08-25,Senior Analytics Engineer,Compare the Market,"London, UK",False,74629.5,74629.5,GBP,annual,True,Adzuna estimate,,full_time,2026-08-23,Adzuna,https://www.adzuna.co.uk/jobs/details/5853698727?utm_medium=api&utm_source=jobaggregator,"Description Curious about what’s next? So are we. Join Compare the Market and help to make financial decision making a breeze for millions. We’ve carved a meerkat-shaped niche and we’re looking for ambitious, curious thinkers who thrive in a fast-moving, high-impact environment. If you love accountability, embrace challenge, and want to make a real difference, you’ll fit right in. What you'll be..."
1a70c2a3a16940f0,2026-08-24,2026-08-24,Data Engineering Manager – Finance & Accounting,Deliveroo,"The City, Central London",False,65239.24,65239.24,GBP,annual,True,Adzuna estimate,,full_time,2026-08-23,Adzuna,https://www.adzuna.co.uk/jobs/details/5853700852?utm_medium=api&utm_source=jobaggregator,"About the Team It’s an exciting time to join our rapidly growing Accounting team with ample development opportunities. We're growing the Revenue Data team with Engineering and Accounting Data openings to drive our automation and systems infrastructure and while keeping pace within one of the fastest growing marketplace companies. About the Role The Data Engineering Manager, Finance & Accounting,..."
4c5edd2f28aef6b5,2026-08-24,2026-08-24,"Data Engineer, Global Client Solutions",WPP Media,"London, UK",False,29045.37,29045.37,GBP,annual,True,Adzuna estimate,,,2026-08-23,Adzuna,https://www.adzuna.co.uk/jobs/details/5853707159?utm_medium=api&utm_source=jobaggregator,"About WPP Media WPP is the trusted growth partner for the world’s leading brands. With exceptional talent, trusted data and intelligence, and world-class partnerships – all united by our pioneering agentic marketing platform, WPP Open – we help clients navigate change, capture opportunity, and deliver transformational growth. WPP Media is WPP's AI-driven media operating unit, bringing together..."
aae40c41ccc50c0c,2026-08-23,2026-08-23,Senior Data Engineer - Data Platform,Spotify,"London, UK",False,54231.76,54231.76,GBP,annual,True,Adzuna estimate,,full_time,2026-08-22,Adzuna,https://www.adzuna.co.uk/jobs/details/5852584569?utm_medium=api&utm_source=jobaggregator,"The Platform team creates the technology that enables Spotify to learn quickly and scale easily, enabling rapid growth in our users and our business around the globe. Spanning many disciplines, we work to make the business work; creating the infrastructure, tooling, frameworks, and capabilities needed to welcome a billion customers. The Data Platform team develops and maintains the infrastructure..."
c3226db38ed4beb9,2026-08-23,2026-08-25,Senior Data Engineer,Menzies LLP,"Horsell, Woking",False,59532.69,59532.69,GBP,annual,True,Adzuna estimate,,full_time,2026-08-22,Adzuna,https://www.adzuna.co.uk/jobs/details/5852577367?utm_medium=api&utm_source=jobaggregator,"Menzies is an equal opportunities employer which means that we recruit, employ, train, pay, and promote regardless of race, religion, national origin, gender, sexual orientation, disability or age. We are building a first-class team and, to do so, we know that we need a diverse mix of talented people doing their best work. If you’re ready to make an impact, lead with purpose, and work in a place..."
4be1360d494b09ab,2026-08-23,2026-08-28,Senior Data & Analytics Engineer,Hackajob Ltd,"Broadgate, Central London",False,85000.0,85000.0,GBP,annual,False,,,full_time,2026-08-22,Adzuna,https://www.adzuna.co.uk/jobs/details/5852366024?utm_medium=api&utm_source=jobaggregator,"Salary: £85,000 - 85,000 per year Requirements: Strong experience building and maintaining analytics pipelines using SQL-first transformation patterns, ideally with dbt Solid understanding of data warehousing concepts, including how dimensional and analytical models are used downstream Advanced SQL skills, with the ability to write, read, and optimise complex queries across large datasets..."
6e9887bfa8315b4a,2026-08-23,2026-08-25,Senior Analytics Engineer,Tenth Revolution Group,"Aldgate, Central London",False,30000.0,60000.0,GBP,annual,False,,contract,full_time,2026-08-22,Adzuna,https://www.adzuna.co.uk/jobs/details/5852366001?utm_medium=api&utm_source=jobaggregator,"Salary: £30,000 - 60,000 per year Requirements: 6 years experience in Analytics Engineering, Data Engineering, BI Engineering, or similar. Advanced SQL skills with strong optimisation and troubleshooting experience. Strong understanding of data warehousing and data modelling principles. Experience designing and maintaining end-to-end data pipelines. Hands-on experience with cloud data warehouses,..."
384172fe1d16d5a4,2026-08-23,2026-08-23,Principal Data Engineer,IG Group,"The City, Central London",False,88476.77,88476.77,GBP,annual,True,Adzuna estimate,,full_time,2026-08-22,Adzuna,https://www.adzuna.co.uk/jobs/details/5852584111?utm_medium=api&utm_source=jobaggregator,"Job Title Principal Data Engineer Job Description So, who are we? IG Group is a FTSE 100 fintech operating across five continents, serving over 1.3m customers and handling billions of dollars in transactions – built on scale, trust, and proof. We didn’t pivot to innovation; it’s how we’ve always operated . What that means for the people who work here is real: genuinely complex problems to solve,..."
669ed828bbdb0109,2026-08-23,2026-08-23,Data Engineering Lead,Willis Re,"London, UK",False,95229.91,95229.91,GBP,annual,True,Adzuna estimate,,full_time,2026-08-22,Adzuna,https://www.adzuna.co.uk/jobs/details/5852592621?utm_medium=api&utm_source=jobaggregator,"Willis Re is building its global technology estate from the ground up, unencumbered by legacy and designed around data, analytics and modern cloud platforms. Our Snowflake data lake platform sits at the centre of that estate, and we are looking for a Data Engineering Lead to drive its implementation. This is a deeply hands-on role. You will spend most of your time building on Snowflake and..."
e9bef88fac89aff4,2026-08-23,2026-08-23,Data Engineer,Accenture,"London, UK",False,55204.95,55204.95,GBP,annual,True,Adzuna estimate,,,2026-08-22,Adzuna,https://www.adzuna.co.uk/jobs/details/5853010718?utm_medium=api&utm_source=jobaggregator,"hackajob is collaborating with Accenture to connect them with exceptional professionals for this role. Job Title: Data Engineer with AI knowledge - Associate Manager Salary: Competitive salary and package (Depending on level of experience) Locations: London, Manchester, Birmingham or Bristol (must be willing to travel to client sites throughout the UK on an ad hoc basis) Please Note: Any offer of..."
6d498e351f068157,2026-08-22,2026-08-22,Technical Solutions Architect II Data Engineer,World Wide Technology,"London, UK",False,58851.57,58851.57,GBP,annual,True,Adzuna estimate,,,2026-08-22,Adzuna,https://www.adzuna.co.uk/jobs/details/5851823494?utm_medium=api&utm_source=jobaggregator,"World Wide Technology Technical Solutions Architect (Data Engineerning) London Why WWT? World Wide Technology (WWT) strives to make a new world happen. WWT's work benefits clients and partners as much as it does its people and community across the globe. Founded in 1990, WWT brings together strategy, deep technical expertise and world-class partnerships to help public and private sector..."
1a9576bfb87d5f60,2026-08-22,2026-08-22,Senior Data Engineer,Hackajob Ltd,"South West London, London",False,80000.0,80000.0,GBP,annual,False,,,,2026-08-22,Adzuna,https://www.adzuna.co.uk/jobs/details/5852091727?utm_medium=api&utm_source=jobaggregator,"hackajob is partnering directly with Solirius Reply to hire for this role. Solirius Reply, part of the Reply Group, delivers technical consultancy and application delivery to our clients in order to solve real world problems and allow our clients to respond to an ever-changing technical landscape. We partner closely with our clients, embedding our consultants into their businesses in order to..."
0b095b47b90021e0,2026-08-22,2026-08-22,Senior Data Engineer,Trust in SODA,"Lea Bridge, East London",False,104000.0,117000.0,GBP,annual,False,,contract,full_time,2026-08-22,Adzuna,https://www.adzuna.co.uk/jobs/details/5851843894?utm_medium=api&utm_source=jobaggregator,"Senior Data/ML Engineer – Contract Position – HIRING ASAP Location: London Bridge – In office 2-3 days per week Start Date: ASAP Duration: 3-4 months with extension Daily Rate: £400 - £450 per day outside IR35 Summary You will sit with the Head of Data and the Lead Data Scientist/Engineer. You will be pointed at inputs and expected outcomes, then expected to design and build the path between them..."
51b5c31f505bdb9d,2026-08-22,2026-08-22,Data Engineer (Banking & Investments),Voodoo Park,"St James's, South West London",False,48357.01,48357.01,GBP,annual,True,Adzuna estimate,contract,,2026-08-22,Adzuna,https://www.adzuna.co.uk/jobs/details/5851908621?utm_medium=api&utm_source=jobaggregator,"Voodoo Park is seeking Senior Data Engineers to join a delivery team supporting a major financial-services client’s Data Strategy implementation. You will design, build, test and deploy data-engineering features, including onboarding new data sources and migrating existing ETL processes from Azure Data Factory and Azure Data Lake Storage to Microsoft Fabric. Responsibilities Enhance an existing..."
d88ada94dd4134b4,2026-08-22,2026-09-02,Data Engineer,Hackajob Ltd,"South West London, London",False,60000.0,60000.0,GBP,annual,False,,,,2026-08-22,Adzuna,https://www.adzuna.co.uk/jobs/details/5852093933?utm_medium=api&utm_source=jobaggregator,"hackajob is partnering directly with Solirius Reply to hire for this role. Solirius Reply, part of the Reply Group, delivers technical consultancy and application delivery to our clients in order to solve real world problems and allow our clients to respond to an ever-changing technical landscape. We partner closely with our clients, embedding our consultants into their businesses in order to..."
08468efaf806cacb,2026-08-22,2026-08-24,Senior Data Engineer,Jacobs,"London, UK",False,65976.6,65976.6,GBP,annual,True,Adzuna estimate,,,2026-08-21,Adzuna,https://www.adzuna.co.uk/jobs/land/ad/5851011037?se=lO4BtvKd8RGU6LIjyaRnwA&utm_medium=api&utm_source=jobaggregator&v=49F03C7564208AFFFD60AF9F5457CA0DA852535E,"Senior Data Engineer This is a great time to join our Data & Digital team as we continue to grow our data engineering capability across complex and impactful client environments. You'll have the opportunity to design, build and maintain modern data platforms that help organisations unlock the value of their data and make better-informed decisions. Working alongside talented engineers, architects,..."
bfd6542a58955eae,2026-08-22,2026-08-22,Data Engineer | Investment Technology | Buy-Side Firm,Vertus Partners Ltd,"Bishopsgate, Central London",False,60222.78,60222.78,GBP,annual,True,Adzuna estimate,permanent,full_time,2026-08-21,Adzuna,https://www.adzuna.co.uk/jobs/details/5851427519?utm_medium=api&utm_source=jobaggregator,"Data Engineer | Investment Technology | Buy-Side Firm London-based | Competitive base salary performance-related bonus Python | ETL | Data Engineering | AWS | Data Pipelines | Financial Data The Role A leading investment firm is looking for a Data Engineer to join a team responsible for delivering the datasets that power research, analytics and trading workflows across the business. This is a..."
b817e832356c297c,2026-08-22,2026-08-22,Data Engineer | Investment Technology | Buy-Side Firm,Vertus Partners,"London, UK",False,57882.55,57882.55,GBP,annual,True,Adzuna estimate,,full_time,2026-08-21,Adzuna,https://www.adzuna.co.uk/jobs/land/ad/5851413961?se=OoUbtfKd8RGfYqjUJN_cUg&utm_medium=api&utm_source=jobaggregator&v=6E6B96C64FCB350CF81DB7FEE1402FDA0B5D3995,"Data Engineer | Investment Technology | Buy-Side Firm London-based | Competitive base salary performance-related bonus Python | ETL | Data Engineering | AWS | Data Pipelines | Financial Data The Role A leading investment firm is looking for a Data Engineer to join a team responsible for delivering the datasets that power research, analytics and trading workflows across the business. This is a..."
7e25804d26bf59f0,2026-08-22,2026-08-22,Data Engineer (3-6 month contract),SeedLegals,"St Lukes, Central London",False,48615.26,48615.26,GBP,annual,True,Adzuna estimate,contract,,2026-08-21,Adzuna,https://www.adzuna.co.uk/jobs/details/5851397849?utm_medium=api&utm_source=jobaggregator,"SeedLegals is the leading provider of automated legal solutions for startups, with offices in London, New York and Paris. Since launching in 2016, we’ve supported over 75,000 startups who have collectively raised more than £2bn on our platform. We’re a Series A company backed by Index Ventures, on a mission to make entrepreneurship more accessible and scalable. Our values are key to our success;..."
b0b6ab954bf21045,2026-08-22,2026-08-24,Data Engineer,Jacobs,"London, UK",False,61213.4,61213.4,GBP,annual,True,Adzuna estimate,,,2026-08-21,Adzuna,https://www.adzuna.co.uk/jobs/land/ad/5851011036?se=lO4BtvKd8RGU6LIjyaRnwA&utm_medium=api&utm_source=jobaggregator&v=51DF93F2867E0E73FCD74A1DBA7A9861E892A346,"Data Engineer This is a great time to join our Data & Digital team as we continue to grow our data engineering capability across complex and impactful client environments. You'll have the opportunity to design, build and maintain modern data platforms that help organisations unlock the value of their data and make better-informed decisions. Working alongside talented engineers, architects,..."
1b9689dac6292a22,2026-08-21,2026-08-21,SC/DV Data Engineer,IO Associates,"The City, Central London",False,143000.0,182000.0,GBP,annual,False,,contract,,2026-08-21,Adzuna,https://www.adzuna.co.uk/jobs/details/5850509149?utm_medium=api&utm_source=jobaggregator,"SC/DV Cleared Data Engineer iO associates are looking for multiple Data Engineers to join a defence programme based in the West Midlands. You will work as part of a multidisciplinary team, helping to design, develop and maintain data solutions across a large scale programme. Please note you must have active SC or DV Clearance, due to the nature of the projects. Start date: ASAP Rate: £550 - £700..."
9d6363c1ea90e063,2026-08-21,2026-08-21,Lead Data Engineer - Multi Strat Hedge Fund,Selby Jennings London,"The City, Central London",False,92861.09,92861.09,GBP,annual,True,Adzuna estimate,permanent,full_time,2026-08-21,Adzuna,https://www.adzuna.co.uk/jobs/details/5850384813?utm_medium=api&utm_source=jobaggregator,"Our client, a fast-growing multi-strategy hedge fund, is looking for a Lead Data Engineer in London to help build and scale the data platforms that underpin research, analytics, applications, and investment decision-making across the firm. Working within a highly collaborative data engineering team, you'll partner directly with Quant Researchers, Portfolio Managers, Analysts, and technology teams..."
432422e7d5befd34,2026-08-21,2026-08-21,Investment Platform Data Engineer,Sanderson Recruitment,"South East London, London",False,,208000.0,GBP,annual,False,,contract,,2026-08-21,Adzuna,https://www.adzuna.co.uk/jobs/land/ad/5850293343?se=Fv89dCqd8RGhArhxtbtVlg&utm_medium=api&utm_source=jobaggregator&v=2A68945833766741397FA8008CCECD5A43EFF9D7,"Investment Platform Data Engineer Duration: Initial 4 Months Rate: Up to £800 per day - Inside IR35 Location: London - 2 Days Per Week Onsite A leading Investment Management organisation is seeking an experienced Investment Platform Data Engineer to join their team on an initial 4-month contract. Working closely with Investment Technology and Risk teams, you'll play a key role in enhancing and..."
f77fb1074386b8f7,2026-08-21,2026-09-18,Energy Analytics Engineer,Veolia,"London, UK",False,40000.0,40000.0,GBP,annual,False,,permanent,full_time,2026-08-21,Adzuna,https://www.adzuna.co.uk/jobs/details/5850385716?utm_medium=api&utm_source=jobaggregator,"Energy Analytics Engineer Salary: Up to £40,000 per annum, depending on experience, plus annual bonus and other Veolia benefits. Location: Hybrid - London, Kingscross N1 9JY Hours: Full-time (40 hours per week, Monday - Friday) When you see the world as we do, you see the chance to help the world take better care of its resources, and help it become a better place for everyone. It's why we're..."
a4cf4707aad78079,2026-08-21,2026-08-28,Staff Analytics Engineer,Pleo,"London, UK",False,70000.0,105000.0,GBP,annual,False,,,full_time,2026-08-20,Adzuna,https://www.adzuna.co.uk/jobs/details/5849710413?utm_medium=api&utm_source=jobaggregator,"About Pleo Messy spend management is tricky business. And tedious processes are a lose-lose situation for all involved, not just finance. At Pleo, we're changing that. We build spend solutions that make managing money seamless, empowering, and surprisingly effective for finance teams and employees alike - with a vision to help all businesses ‘go beyond’. The word ‘Pleo’ actually means ‘more than..."
9f130a4d23187d1c,2026-08-21,2026-08-21,Senior Data Engineer / Power BI Developer,Square One Resources,"London, UK",False,89700.0,94640.0,GBP,annual,False,,contract,full_time,2026-08-20,Adzuna,https://www.adzuna.co.uk/jobs/details/5849932379?utm_medium=api&utm_source=jobaggregator,"Senior Data Engineer / Power BI Developer Location: London / Hybrid - 3 Days Onsite Contract: 6 months Rate: £364 per day Inside IR35 The Opportunity We're looking for a hands-on Senior Data Engineer / Power BI Developer to join a high-performing data and analytics team, delivering enterprise-grade solutions across trading, risk, finance and post-trade reporting. This is a senior delivery role..."
32f3526122745375,2026-08-21,2026-08-21,Senior Data Engineer (Databricks),Tenth Revolution Group,"London, UK",False,55000.0,85000.0,GBP,annual,False,,permanent,full_time,2026-08-20,Adzuna,https://www.adzuna.co.uk/jobs/details/5849895080?utm_medium=api&utm_source=jobaggregator,"Senior Data Engineer (Databricks) - London (Hybrid) - Up to £85,000 Databricks - Apache Spark - Delta Lake - Python - SQL - Azure We're partnering with a fast-growing technology business that's investing heavily in its data platform and engineering capability. This is an opportunity to join a highly collaborative team where you'll play a key role in shaping a modern Databricks environment,..."
182073895fde94f1,2026-08-21,2026-08-21,Senior Data Engineer,Morson Edge,"London, UK",False,156000.0,195000.0,GBP,annual,False,,contract,full_time,2026-08-20,Adzuna,https://www.adzuna.co.uk/jobs/details/5849944657?utm_medium=api&utm_source=jobaggregator,"Senior Data Engineer - Customer Data Location: Waterloo, London - Hybrid Contract: 6 months Rate: £650-£700 per day, Inside IR35 Working Pattern: Full Time The Role We are looking for an experienced Senior Data Engineer with a strong retail background to join a leading UK retail organisation, working within a data and AI-focused team to design and implement customer data solutions that enable..."
a2ff63ae01da69b4,2026-08-21,2026-08-21,Senior Data Engineer,Harvey Nash,"The City, Central London",False,143000.0,182000.0,GBP,annual,False,,contract,,2026-08-20,Adzuna,https://www.adzuna.co.uk/jobs/details/5849943247?utm_medium=api&utm_source=jobaggregator,"Senior Data Engineer | Outside IR35 Contract 6 Months | 1 Day pw in London | £550 - 700pd Harvey Nash are working with a global mining company, who are looking to bolster their team with an experienced Senior Data Engineer on a contract basis. The role requires 1 day pw in London - Goodge St station 1 min walk away. Essential experience: SQL - Query optimisation, indexing strategy, performance..."
a942766ec42beccc,2026-08-21,2026-08-21,Lead Data Engineer - Multi Strat Hedge Fund - Selby Jennings,Selby Jennings,"London, UK",False,91517.27,91517.27,GBP,annual,True,Adzuna estimate,,full_time,2026-08-20,Adzuna,https://www.adzuna.co.uk/jobs/land/ad/5849864882?se=Fv89dCqd8RGhArhxtbtVlg&utm_medium=api&utm_source=jobaggregator&v=0A5AD83A48081B098BE1851EF7AAF13A40357462,"Our client, a fast-growing multi-strategy hedge fund, is looking for a Lead Data Engineer in London to help build and scale the data platforms that underpin research, analytics, applications, and investment decision-making across the firm. Working within a highly collaborative data engineering team, you'll partner directly with Quant Researchers, Portfolio Managers, Analysts, and technology teams..."
e9e159e3e31efc9d,2026-08-21,2026-08-21,Lead Data Engineer (Databricks),Tenth Revolution Group,"London, UK",False,85000.0,110000.0,GBP,annual,False,,permanent,full_time,2026-08-20,Adzuna,https://www.adzuna.co.uk/jobs/details/5849895302?utm_medium=api&utm_source=jobaggregator,"Lead Data Engineer (Databricks) - London (Hybrid) - Up to £110,000 Databricks - Apache Spark - Delta Lake - Python - SQL - Azure We're partnering with a growing technology business investing heavily in its cloud data platform and AI capabilities. This is a senior, hands-on leadership role where you'll own the architecture and development of a modern Databricks environment, drive engineering best..."
2677f7a82bff8076,2026-08-21,2026-09-17,Database / Data Engineer,Avanti,"St. Albans, Hertfordshire",True,45000.0,55000.0,GBP,annual,False,,permanent,full_time,2026-08-20,Adzuna,https://www.adzuna.co.uk/jobs/details/5850152461?utm_medium=api&utm_source=jobaggregator,"Database / Data Engineer £50,000 - £55,000 | Fully Remote, UK | Permanent Are you a Database or Data Engineer who enjoys finding performance problems and designing better solutions, rather than simply maintaining databases? We’re working with a growing technology company operating a high-volume, real-time data platform. They are creating a brand-new Database / Data Engineer position to take..."
f93cd1126e28c5f5,2026-08-21,2026-09-17,Database / Data Engineer,Avanti Recruitment,UK,True,45000.0,55000.0,GBP,annual,False,,permanent,full_time,2026-08-20,Adzuna,https://www.adzuna.co.uk/jobs/land/ad/5849926805?se=mHUfdyqd8RGxXYNxRrq1QQ&utm_medium=api&utm_source=jobaggregator&v=C92B59DB538756EDE36333B9E8C19DC3FA3AE708,"Database / Data Engineer £50,000 - £55,000 | Fully Remote, UK | Permanent Are you a Database or Data Engineer who enjoys finding performance problems and designing better solutions, rather than simply maintaining databases? We’re working with a growing technology company operating a high-volume, real-time data platform. They are creating a brand-new Database / Data Engineer position to take..."
a57ac8af20577130,2026-08-21,2026-09-11,Database / Data Engineer,Avanti,AL13ER,True,45000.0,55000.0,GBP,annual,False,,permanent,,2026-08-20,Reed,https://www.reed.co.uk/jobs/database-data-engineer/57260358,"Database / Data Engineer 50,000 - 55,000 | Fully Remote, UK | Permanent Are you a Database or Data Engineer who enjoys finding performance problems and designing better solutions, rather than simply maintaining databases? We’re working with a growing technology company operating a high-volume, real-time data platform. They are creating a brand-new Database / Data Engineer position to take greater..."
fd524c6461f5af77,2026-08-21,2026-08-21,Data Engineer (AWS),SmartSourcing Ltd,"Millwall, East London",False,49400.0,49400.0,GBP,annual,False,,contract,full_time,2026-08-20,Adzuna,https://www.adzuna.co.uk/jobs/details/5849540534?utm_medium=api&utm_source=jobaggregator,"Salary: £49,400 - 49,400 per year Requirements: Experience delivering production data pipelines end-to-end, including design, implementation, and operational maintenance, in a cloud environment. An undergraduate degree in a quantitative subject or equivalent experience working in data engineering, data science, or development in the cloud. Experience writing production-quality Python code to work..."
b33dc6cf4b2be700,2026-08-21,2026-08-21,Data Engineer,EDF Energy,"London, UK",False,50788.12,50788.12,GBP,annual,True,Adzuna estimate,permanent,full_time,2026-08-20,Adzuna,https://www.adzuna.co.uk/jobs/details/5849924238?utm_medium=api&utm_source=jobaggregator,"About the Role At EDF, Success is Personal. We're looking for a Data Engineer who wants to make a real impact by delivering trusted, scalable data solutions that help colleagues make better decisions and drive meaningful business outcomes. This is an exciting opportunity to join our Data Enablement team, where you'll work with modern technologies, collaborate with stakeholders across the business..."
b6d1f3c7d43bb72f,2026-08-21,2026-09-18,Contract Analytics Engineer Role - Fully Remote - £650/pd,Tenth Revolution Group,"London, UK",True,650.0,650.0,GBP,daily,False,,contract,,2026-08-20,Adzuna,https://www.adzuna.co.uk/jobs/details/5850139286?utm_medium=api&utm_source=jobaggregator,"Contract Analytics Engineer - Fully Remote Fully Remote | 6-Month Contract | £650 per day Inside IR35 We're currently seeking an experienced Analytics Engineer to join a high-performing data team on an initial 6-month contract. This is a fully remote opportunity offering £650 per day Inside IR35. This role sits within a mature Analytics Engineering function responsible for delivering trusted,..."
95d4b9f209c71245,2026-08-21,2026-08-22,Analytics Engineering Manager,Zopa,"London, UK",False,77090.05,77090.05,GBP,annual,True,Adzuna estimate,,full_time,2026-08-20,Adzuna,https://www.adzuna.co.uk/jobs/details/5849693157?utm_medium=api&utm_source=jobaggregator,"Our Story Hello there. We’re Zopa. We started our journey back in 2005, building the first ever peer-to-peer lending company. Fast forward to 2020 and we launched Zopa Bank. A bank that listens to what our customers don’t like about finance and does the opposite. We’re redefining what it feels like to work in finance. Our vision for a new era of banking puts people front and centre — we’ve built..."
48569361b243ff47,2026-08-20,2026-08-20,Senior Snowflake Data Engineer,Square One Resources,"Sutton, London",False,104000.0,117000.0,GBP,annual,False,,contract,full_time,2026-08-20,Adzuna,https://www.adzuna.co.uk/jobs/details/5849144419?utm_medium=api&utm_source=jobaggregator,Job Title: Senior Snowflake Data Engineer Location: Sutton (2 days in the office - Tuesdays and Thursday (can also do 1 day in Sutton and 1 day in London)) Salary/Rate: £400-450 per day inside IR35 Start Date: August Job Type: Initial 12 month contract Company Introduction We have an exciting opportunity now available with one of our sector-leading data analytic clients! They are currently...
6f32520b455d9dc7,2026-08-20,2026-08-20,Senior Data Engineer (Snowflake),Experis,"Fleet Street, Central London",False,70000.0,90000.0,GBP,annual,False,,permanent,full_time,2026-08-20,Adzuna,https://www.adzuna.co.uk/jobs/details/5849541057?utm_medium=api&utm_source=jobaggregator,"Salary: £70,000 - 90,000 per year Requirements: Strong commercial experience with Snowflake Excellent understanding of Star Schema and dimensional modelling Experience with dbt Strong SQL and data engineering capability Experience working with time-series market data Exposure to market data platforms and financial data ingestion Financial Services experience Experience working within risk-related..."
e00402f8ea232f6f,2026-08-20,2026-08-20,Senior Data Engineer,Velocity Talent,"St Lukes, Central London",False,75000.0,80000.0,GBP,annual,False,,permanent,full_time,2026-08-20,Adzuna,https://www.adzuna.co.uk/jobs/details/5849540158?utm_medium=api&utm_source=jobaggregator,"Salary: £75,000 - 80,000 per year Requirements: 10 years of dedicated data engineering experience managing massive, complex datasets 3 years of deep, hands-on production experience with Azure Databricks, Spark (PySpark/Scala), and Delta Lake ecosystems Extensive experience across the Azure data suite, specifically Azure Data Factory, Azure Blob Storage, and Azure SQL Database Strong proficiency..."
51214509487dd121,2026-08-20,2026-08-21,Senior Analytics Engineer,Harnham,"South Wimbledon, South West London",False,76000.0,83000.0,GBP,annual,False,,,full_time,2026-08-20,Adzuna,https://www.adzuna.co.uk/jobs/details/5849541545?utm_medium=api&utm_source=jobaggregator,"Salary: £76,000 - 83,000 per year Requirements: Strong commercial experience with SQL, including advanced query writing and optimisation Experience with the Microsoft technology stack Experience with Azure Data Factory (ADF) Experience with Microsoft Fabric Experience with Azure cloud technologies Experience developing and maintaining ELT pipelines Experience with data migration projects..."
27039f906b184738,2026-08-20,2026-08-20,Principal Data Engineer,Places For People,"Kings Cross, Central London",False,44000.0,84000.0,GBP,annual,False,,,full_time,2026-08-20,Adzuna,https://www.adzuna.co.uk/jobs/details/5849539903?utm_medium=api&utm_source=jobaggregator,"Salary: £44,000 - 84,000 per year Requirements: We have a proven track record in Data Engineering, ideally in a Lead or Principal Engineer role. We have experience working with cloud data platforms, particularly Google Cloud Platform. We have a strong understanding of Data Mesh principles; direct experience is beneficial. We have technical mentoring and coaching skills. We have extensive..."
fe6aa1314477be3d,2026-08-20,2026-08-20,Lead Data Engineer,Experis UK,"London, UK",False,65545.12,65545.12,GBP,annual,True,Adzuna estimate,permanent,full_time,2026-08-20,Adzuna,https://www.adzuna.co.uk/jobs/details/5849365915?utm_medium=api&utm_source=jobaggregator,"Lead Data Engineer Key Points Location: London Or Reading, Hybrid Duration: 12 months Rate: Competitive Day Rate, Outside IR35 Overview This is an opportunity to join a leading organisation undertaking a major cloud transformation and data modernisation programme, delivering enterprise-scale data solutions across a complex technology landscape. As a Lead Data Engineer, you will provide technical..."
4c6d7dee0c6a6f06,2026-08-20,2026-08-20,Lead Data Engineer,Hexwired Recruitment Limited,"Broadgate, Central London",False,80000.0,115000.0,GBP,annual,False,,,full_time,2026-08-20,Adzuna,https://www.adzuna.co.uk/jobs/details/5849540097?utm_medium=api&utm_source=jobaggregator,"Salary: £80,000 - 115,000 per year Requirements: 7 years of experience in Data Engineering or Backend Engineering. Strong Python development experience. Experience building distributed data platforms and scalable pipelines. Excellent knowledge of PostgreSQL or similar relational databases and NoSQL databases. Experience with vector databases such as Qdrant, Milvus or pgvector. Familiarity with..."
66bed82b1784e0ab,2026-08-20,2026-08-20,Junior Data Engineer,Rise Technical Recruitment,"Westminster, South West London",False,35000.0,50000.0,GBP,annual,False,,,full_time,2026-08-20,Adzuna,https://www.adzuna.co.uk/jobs/details/5849540455?utm_medium=api&utm_source=jobaggregator,"Salary: £35,000 - 50,000 per year Requirements: Degree qualified in Computer Science, Mathematics, Engineering, Data Science or a similar technical or numerate discipline Understanding of programming principles and software development Experience with at least one programming language Knowledge of SQL and relational databases Strong problem-solving skills and an interest in learning new..."
7c38bd71c9ef9634,2026-08-20,2026-08-20,Head of Data Engineering & Machine Learning,Retelligence,"Hendon, North West London",False,64000.0,104000.0,GBP,annual,False,,,full_time,2026-08-20,Adzuna,https://www.adzuna.co.uk/jobs/details/5849542106?utm_medium=api&utm_source=jobaggregator,"Salary: £64,000 - 104,000 per year Requirements: Demonstrated track record of building and managing high-performing engineering teams in data engineering, platform, or machine learning spaces. Hands-on experience shipping enterprise-grade data platforms and machine learning solutions that deliver tangible commercial outcomes. Strong foundational depth in modern data architecture and ML..."
4fe9e90261ffb037,2026-08-20,2026-08-20,Data Engineer or Junior Electrician with IPAF,London IT Services,"Walthamstow, East London",False,46800.0,52000.0,GBP,annual,False,,,full_time,2026-08-20,Adzuna,https://www.adzuna.co.uk/jobs/details/5849542184?utm_medium=api&utm_source=jobaggregator,"Salary: £46,800 - 52,000 per year Requirements: We require strong knowledge of computer networking concepts, including Ethernet, VLANs, routing protocols, and network security practices. We require hands-on experience with CCTV systems, VoIP solutions, Avaya communication platforms, Juniper devices, and Cisco routers. We require proficiency in telecommunication system installation, configuration,..."
c879c95ea0b88967,2026-08-20,2026-08-20,Data Engineer [211327],Aquent,"South East London, London",False,49214.36,49214.36,GBP,annual,True,Adzuna estimate,,,2026-08-20,Adzuna,https://www.adzuna.co.uk/jobs/land/ad/5849394735?se=uChDCICc8RGgd9X26G9YQA&utm_medium=api&utm_source=jobaggregator&v=DD7FED81C59C83E0D29C26909E2E4FD3DEBC8DE3,"Aquent, a trusted partner to leading organizations worldwide, is excited to collaborate with a prominent financial technology company on a critical engagement. This company is at the forefront of empowering individuals and businesses with innovative financial solutions, driven by a mission to revolutionize how people manage their money. Join a team where your expertise directly contributes to..."
0016bafc269d5e30,2026-08-20,2026-08-20,Data Engineer Lead/Senior/Mid,SR2,"Finsbury, Central London",False,94196.69,94196.69,GBP,annual,True,Adzuna estimate,contract,,2026-08-20,Adzuna,https://www.adzuna.co.uk/jobs/details/5849542063?utm_medium=api&utm_source=jobaggregator,"Salary: £? - ? per year Requirements: Experience with Snowflake, dbt, Python, AWS, and PowerBI Experience working on Data Engineering, Data Warehouse, and ELT solutions Experience with DataOps practices including CI/CD, GitOps, testing, and automation Experience delivering robust, observable, and high-quality data pipelines Ability to lead by example and help raise technical standards Experience..."
093455b94cdd3fae,2026-08-20,2026-08-20,Data Engineer - Telford,CBSbutler Holdings Limited trading as CBSbutler,"Earlswood, Redhill",False,63164.41,63164.41,GBP,annual,True,Adzuna estimate,contract,,2026-08-20,Adzuna,https://www.adzuna.co.uk/jobs/details/5849541280?utm_medium=api&utm_source=jobaggregator,"Salary: £? - ? per year Requirements: Strong commercial experience in Data Engineering / Data Integration. Hands-on experience with at least one of Pentaho, Talend, or Denodo. Strong SQL skills. Experience designing and developing ETL/data integration pipelines. Good understanding of data modelling and database technologies. Experience working in Agile/Scrum environments. Understanding of DevOps..."
3a08f4a8536a2cc1,2026-08-20,2026-08-20,Data Engineer (Snowflake),ClearRoute,"Farringdon, Central London",False,71015.16,71015.16,GBP,annual,True,Adzuna estimate,,,2026-08-20,Adzuna,https://www.adzuna.co.uk/jobs/details/5849087710?utm_medium=api&utm_source=jobaggregator,"About Us: ClearRoute is an engineering consultancy bridging Quality Engineering, Cloud Platforms and Developer Experience. We help enterprises reliably bring high-impact digital products to market faster, cheaper, and safer, working with technology leaders facing complex business challenges. We take as much pride in our people, culture and work-life balance as we do in making better software...."
82b8709e5730902e,2026-08-20,2026-08-21,Data Engineer (SC),Sanderson Recruitment,"London, UK",False,110500.0,110500.0,GBP,annual,False,,contract,,2026-08-20,Adzuna,https://www.adzuna.co.uk/jobs/details/5849296269?utm_medium=api&utm_source=jobaggregator,Multiple Data Engineer & Data Analyst Contracts | 6-Month Initial Contract at £430/day Inside IR-35 | London/Hybrid (max 2 days per week on site) We're supporting a major data transformation programme and are looking to hire multiple Data Engineers and Data Analysts on an initial 6-month contract. These opportunities are well-suited to contractors with around 2-4 years of commercial experience...
996d48969c6bae8c,2026-08-20,2026-08-20,Data Engineer,PA Consulting,"London, UK",False,51811.91,51811.91,GBP,annual,True,Adzuna estimate,,,2026-08-20,Adzuna,https://www.adzuna.co.uk/jobs/details/5849141437?utm_medium=api&utm_source=jobaggregator,"Job Description We believe in the power of ingenuity to build a positive human future. We challenge where it matters and own the outcome. We combine strategic thinking, customer-centric service design, and agile engineering practices to accelerate innovation in a tech-driven world. Why consider joining our Digital & Data community? Join our Digital & Data team working alongside product, design..."
f86648765df9e967,2026-08-20,2026-08-20,Data Engineer,ARM,"West Hampstead, North West London",False,62415.13,62415.13,GBP,annual,True,Adzuna estimate,contract,,2026-08-20,Adzuna,https://www.adzuna.co.uk/jobs/details/5849542230?utm_medium=api&utm_source=jobaggregator,"Salary: £? - ? per year Requirements: Strong SQL and Snowflake experience. Data engineering and ETL/ELT development experience. Dimensional modelling experience using Kimball methodology. dbt development experience and familiarity with engineering best practices. Experience with Azure Data Factory, Azure Functions and CI/CD. Python development experience for automation and data processing...."
fd8158445a122c05,2026-08-20,2026-08-20,Data Engineer,Careerwise,"Gipsy Hill, South East London",False,46000.0,74000.0,GBP,annual,False,,,full_time,2026-08-20,Adzuna,https://www.adzuna.co.uk/jobs/details/5849541911?utm_medium=api&utm_source=jobaggregator,"Salary: £46,000 - 74,000 per year Requirements: We require candidates to be eligible for UK Security Check (SC) clearance and able to complete BPSS checks. We prefer candidates with active SC clearance. We are looking for experienced Data Engineers. We need strong, hands-on Talend experience. We require proven experience working with Oracle databases, ideally Oracle RDS. We require strong SQL..."
816b59629bb966ec,2026-08-20,2026-09-18,Data Analytics engineer,Tenth Revolution Group,"London, UK",True,595.0,650.0,GBP,daily,False,,contract,,2026-08-20,Adzuna,https://www.adzuna.co.uk/jobs/land/ad/5849505398?se=uChDCICc8RGgd9X26G9YQA&utm_medium=api&utm_source=jobaggregator&v=C35BF429737B08F2C34F782814145777AB24550E,"Contract length - 6 months (possibility for extension) Location - Fully remote (UK or EU based candidates only) Daily rate - 750 if EU based or £650 (inside IR35 if UK based) I'm currently working with a growing technology business in the search for an experienced Analytics Engineer to join their data team. You'll be responsible for building scalable data models, developing SQL transformation..."
b56b9338d01865c7,2026-08-20,2026-08-20,Chief Architect - Data Engineering (Databricks Practice),Unison Group,"London, UK",False,125964.73,125964.73,GBP,annual,True,Adzuna estimate,,full_time,2026-08-20,Adzuna,https://www.adzuna.co.uk/jobs/details/5849520095?utm_medium=api&utm_source=jobaggregator,"We are building a fast-growing Databricks practice delivering enterprise data and AI solutions across APAC. As Lead Solution Architect – Data Engineering, you will be the technical anchor of the practice: leading solution design on client engagements, owning and defending enterprise architectures in presales, and driving large-scale migration and cloud transformation programs. This is a hands-on..."
dcaa6e51c402dcae,2026-08-20,2026-09-04,Analytics Engineer,Tria,"Victoria, South West London",False,66290.05,66290.05,GBP,annual,True,Adzuna estimate,contract,,2026-08-20,Adzuna,https://www.adzuna.co.uk/jobs/details/5849540161?utm_medium=api&utm_source=jobaggregator,Salary: £? - ? per year Requirements: Experience with Looker Experience with BigQuery Experience with GCP Responsibilities: Build and maintain data pipelines Create new dashboards and reports across the business Work closely with the wider data engineering team Technologies: BigQuery GCP Looker Cloud DevOps More: We are a growing ecommerce business offering an Analytics Engineer opportunity to...
41de4a136b86ab97,2026-08-20,2026-08-22,Senior Data Engineer (Databricks),Lawrence Harvey,"Liverpool Street, Central London",False,69000.0,72000.0,GBP,annual,False,,,full_time,2026-08-19,Adzuna,https://www.adzuna.co.uk/jobs/details/5848067650?utm_medium=api&utm_source=jobaggregator,"Salary: £69,000 - 72,000 per year Requirements: We require at least 3 years of experience working with Databricks, building and maintaining scalable data pipelines and lakehouse architecture. We require proficiency integrating data from multiple marketing and enterprise platforms, such as GA4, Salesforce, and CRM or martech tools. We require advanced SQL and strong Python skills, with the ability..."
11c5a37fa4b35f7f,2026-08-20,2026-08-20,Senior Data Engineer,Cap Resourcing Ltd,"London, UK",False,71277.05,71277.05,GBP,annual,True,Adzuna estimate,permanent,full_time,2026-08-19,Adzuna,https://www.adzuna.co.uk/jobs/land/ad/5848867279?se=uChDCICc8RGgd9X26G9YQA&utm_medium=api&utm_source=jobaggregator&v=53CEB21B76F3EC2559BFF655C253570C1D2C64BB,"Senior Data Engineer Location: London (flexible) Salary: Competitive, depending on experience We’re looking for an experienced Senior Data Engineer to join a growing data operations function and take a leading role in shaping data engineering standards, architecture, governance and delivery. This is an exciting opportunity for someone who wants to go beyond simply building pipelines. You’ll act..."
618169d151a853c5,2026-08-20,2026-09-14,Senior Data Engineer,CMC Markets,EC3A7BX,False,,,,,False,,,,2026-08-19,Reed,https://www.reed.co.uk/jobs/senior-data-engineer/57256334,"Senior Data Engineer – Market Data We are looking for a Senior Data Engineer to build and operate a high-performance market data platform supporting quantitative research and production trading systems. You'll design scalable data pipelines, process billions of market data records, and deliver reliable, production-quality datasets for research, analytics and real-time applications. Key..."
76f49a883411f946,2026-08-20,2026-09-02,"Senior Analytics Engineer (Snowflake, SQL, Looker) Contract",Tenth Revolution Group,"London, UK",False,650.0,650.0,GBP,daily,False,,contract,,2026-08-19,Adzuna,https://www.adzuna.co.uk/jobs/land/ad/5848872672?se=uChDCICc8RGgd9X26G9YQA&utm_medium=api&utm_source=jobaggregator&v=4FD10D6820D677EF11270DE0607B2455FB5FFE8A,"Senior Analytics Engineer Contract | Inside IR35 | £650 per day - 6 Months The Opportunity Our client, a leading software company, is looking for a Senior Analytics Engineer to join its established data team. You'll play a key role in delivering scalable, high-quality data products that support analytics, reporting, and business decision-making across the organisation. Working within a modern..."
3bef846df53d89a3,2026-08-20,2026-09-02,"Senior Analytics Engineer (Snowflake, AWS, Looker) Contract",Tenth Revolution Group,"London, UK",False,650.0,650.0,GBP,daily,False,,contract,,2026-08-19,Adzuna,https://www.adzuna.co.uk/jobs/land/ad/5848848634?se=uChDCICc8RGgd9X26G9YQA&utm_medium=api&utm_source=jobaggregator&v=9292DD32BA86914A95E45A81B698FE59DD2659CF,"Senior Analytics Engineer Contract | Inside IR35 | £650 per day - 6 Months The Opportunity Our client, a leading software company, is looking for a Senior Analytics Engineer to join its established data team. You'll play a key role in delivering scalable, high-quality data products that support analytics, reporting, and business decision-making across the organisation. Working within a modern..."
0dcaff2d64831952,2026-08-20,2026-08-20,Senior Analytics Engineer,Tech 4,"Woodford Green, Essex",False,65000.0,65000.0,GBP,annual,False,,,full_time,2026-08-19,Adzuna,https://www.adzuna.co.uk/jobs/details/5848067478?utm_medium=api&utm_source=jobaggregator,"Salary: £65,000 - 65,000 per year Requirements: We require a minimum of a BSc/BA in Computer Science or a related field, along with other professional management training. We require extensive experience of at least 5 years in at least 3 of the following: Azure SQL Server 2022, Azure Data Factory, Microsoft Fabric, ETL/ELT workflows, and Synapse. We require architectural experience in Azure data..."
d5d8ec0debaffc88,2026-08-20,2026-08-26,Principal Data Engineer,LMA Recruitment,"London, UK",False,600.0,650.0,GBP,daily,False,,contract,,2026-08-19,Adzuna,https://www.adzuna.co.uk/jobs/land/ad/5848857713?se=uChDCICc8RGgd9X26G9YQA&utm_medium=api&utm_source=jobaggregator&v=873FC6E98ECCCA82B054D859B426C016C44E3891,Principal Data Engineer Location: London (Hybrid) Contract Type: Contract (Inside IR35) Day Rate: Up to £650 per day Duration: Initial contract through December with potential extension Start Date: ASAP Principal Data Engineer | Financial Services Transformation Programme We are seeking an experienced Principal Data Engineer to join a major financial services transformation programme focused on...
49e9312a5a81d424,2026-08-20,2026-09-18,Lead Data Engineer,Harnham - Data & Analytics Recruitment,"London, UK",False,70000.0,85000.0,GBP,annual,False,,permanent,full_time,2026-08-19,Adzuna,https://www.adzuna.co.uk/jobs/land/ad/5848868207?se=uChDCICc8RGgd9X26G9YQA&utm_medium=api&utm_source=jobaggregator&v=7C341B28A6B6F0AB0EC138B8BFAF7B09F3B4D116,"Lead Data Engineer Up to £85,000 Holborn, London (4 days a week in office) This is an opportunity to take ownership of a Data Engineering function at a high-growth AI-driven SaaS business. Working directly with senior technology leadership, you will combine hands-on engineering with team leadership, helping to shape the technical direction, standards and future growth of the function. THE COMPANY..."
edc7b9a1465034a3,2026-08-20,2026-09-18,Investment Data Engineer,Sanderson,"London, UK",False,650.0,750.0,GBP,daily,False,,contract,,2026-08-19,Adzuna,https://www.adzuna.co.uk/jobs/land/ad/5848864540?se=uChDCICc8RGgd9X26G9YQA&utm_medium=api&utm_source=jobaggregator&v=CBFA9AC98943BA4DA25D5E043DC7832334D8267B,"Investment Data Engineer £700-750/day overall assignment rate to umbrella 4-month initial contract London-based - twice a week onsite We are seeking an experienced Data Engineer to join a Platforms and Delivery division, working closely with the Investment Risk Team on a critical data platform maintenance and enhancement programme. Investment Data Engineer, key skills: Strong commercial..."
706e2f94646a3584,2026-08-20,2026-08-26,Graduate Data Engineer,Harnham - Data & Analytics Recruitment,"London, UK",False,35000.0,44000.0,GBP,annual,False,,permanent,full_time,2026-08-19,Adzuna,https://www.adzuna.co.uk/jobs/land/ad/5848858173?se=uChDCICc8RGgd9X26G9YQA&utm_medium=api&utm_source=jobaggregator&v=FC5319CC65C3DFB4153AEB1CEDBC25AE0748F825,"GRADUATE DATA ENGINEER £44,000 LONDON This is an exciting opportunity to join a rapidly growing Tech business where you'll help build the systems that power key commercial decisions. You'll work on high-impact engineering projects, gaining exposure to data, analytics, and pricing functions while taking real ownership from day one. THE COMPANY Our client is a fast-growing tech business that has..."
ccf8896fda90a868,2026-08-20,2026-08-20,Data Engineer [211327],Aquent UK,"London, UK",False,48604.55,48604.55,GBP,annual,True,Adzuna estimate,contract,,2026-08-19,Adzuna,https://www.adzuna.co.uk/jobs/land/ad/5848650524?se=ktyuCYCc8RGhArhxtbtVlg&utm_medium=api&utm_source=jobaggregator&v=EFB9F7D0DE2831BFAF0F0C17A81C58E76F265DB0,"Aquent, a trusted partner to leading organizations worldwide, is excited to collaborate with a prominent financial technology company on a critical engagement. This company is at the forefront of empowering individuals and businesses with innovative financial solutions, driven by a mission to revolutionize how people manage their money. Join a team where your expertise directly contributes to..."
67cc43978c732a23,2026-08-20,2026-08-21,Data Engineer,Sanderson Recruitment,"The City, Central London",False,90000.0,90000.0,GBP,annual,False,,,,2026-08-19,Adzuna,https://www.adzuna.co.uk/jobs/details/5848714230?utm_medium=api&utm_source=jobaggregator,"Role: Data Engineer Salary: up to £90k Location: City of London Flexible working: Hybrid My client is looking for a Data Engineer with strong Microsoft Fabric expertise to own and develop the data platform, pipelines and reporting that support the business. You'll work closely with Engineering, Product and commercial teams to turn business requirements into scalable, secure and trusted data..."
4f56476635c8c859,2026-08-20,2026-08-21,Data Engineer,Capital on Tap,"London, UK",False,71611.53,71611.53,GBP,annual,True,Adzuna estimate,,,2026-08-19,Adzuna,https://www.adzuna.co.uk/jobs/details/5848437988?utm_medium=api&utm_source=jobaggregator,"We’re Capital on Tap Capital on Tap started because small businesses were underserved. Big banks were slow, their products weren't fit for purpose, and small business owners often couldn't access what they needed. We set out to fix that. Today we're a financial platform - not just a credit card company. We offer a best-in-class business credit card, SME-focused spend management platform, a..."
70e96c54a4a23291,2026-08-20,2026-09-18,Data Engineer,Sanderson,"London, UK",False,550.0,590.0,GBP,daily,False,,permanent,full_time,2026-08-19,Adzuna,https://www.adzuna.co.uk/jobs/land/ad/5848193520?se=ktyuCYCc8RGhArhxtbtVlg&utm_medium=api&utm_source=jobaggregator&v=67929FFFA93073277FBE47BB3CAF1E793F04349D,"Role: Data Engineer Salary: up to £90k Location: City of London Flexible working: Hybrid My client is looking for a Data Engineer with strong Microsoft Fabric expertise to own and develop the data platform, pipelines and reporting that support the business. You'll work closely with Engineering, Product and commercial teams to turn business requirements into scalable, secure and trusted data..."
99f7e5a613be34ff,2026-08-20,2026-09-18,Data Engineer,TXP Technology x People,London,True,500.0,501.0,GBP,daily,False,,contract,,2026-08-19,Reed,https://www.reed.co.uk/jobs/data-engineer/57254017,"Role Title: Data Engineer (Talend) Clearance: SC Eligible (Must be able to pass BPSS) Location: Remote (Telford every 3 weeks) Kit collection - London, Manchester or Telford Contract Tenure: 6 Months We are seeking Data Engineers to support delivery within a large-scale data exploitation programme. The role will focus on developing and maintaining ETL pipelines within an established Talend..."
e925d9f4e6b67c08,2026-08-20,2026-09-07,Data Engineer,Advanced Resource Managers Limited,London,False,450.0,490.0,GBP,daily,False,,contract,,2026-08-19,Reed,https://www.reed.co.uk/jobs/data-engineer/57255245,"Data Engineer Contract until the end of the year - Inside IR35 - up to 490 per day London based - hybrid working - 3 days a week onsite Asset Management sector - previous experience required Overview We are seeking a hands-on Software/Data Engineer to join a modern data platform team delivering analytics, reporting and AI-enabled solutions. This role is primarily focused on Snowflake, Azure,..."
7f07b7c248f53574,2026-08-20,2026-08-20,Data Analytics Engineer I,Checkout.com,"London, UK",False,57256.01,57256.01,GBP,annual,True,Adzuna estimate,,full_time,2026-08-19,Adzuna,https://www.adzuna.co.uk/jobs/details/5848368744?utm_medium=api&utm_source=jobaggregator,"Company Description We’re Checkout.com . You might not know our name, but companies like eBay, Spotify, Klarna, Uber, and Sony do, because we’re behind many of the digital experiences you use every day. We are where the world checks out, enabling over 10 billion transactions yearly for more than one billion global shoppers. Whether you want to book a holiday, order food, renew a subscription, or..."
c1f3849cc3087a94,2026-08-20,2026-09-06,Analytics Engineer,Tes Global,"Holborn, Central London",False,49000.0,89000.0,GBP,annual,False,,permanent,full_time,2026-08-19,Adzuna,https://www.adzuna.co.uk/jobs/details/5848067772?utm_medium=api&utm_source=jobaggregator,"Salary: £49,000 - 89,000 per year Requirements: Strong SQL skills with demonstrable real-world experience Hands-on experience with dbt and modern ELT/ETL tools such as Fivetran Experience building and maintaining data pipelines and transformation layers Proven ability to work with stakeholders to gather and translate requirements into technical solutions Strong analytical and problem-solving..."
710b8758602443f2,2026-08-20,2026-08-20,AI Data Engineer,Capgemini,"London, UK",False,67262.73,67262.73,GBP,annual,True,Adzuna estimate,,,2026-08-19,Adzuna,https://www.adzuna.co.uk/jobs/details/5847552208?utm_medium=api&utm_source=jobaggregator,"Who You Will Be Working With As a Data Engineer at Capgemini, you'll design, build and operate reliable, scalable data pipelines and data products: the trusted foundations that power analytics, AI, GenAI and increasingly agentic systems. You'll work hands-on with modern data engineering tooling and cloud services to ingest, transform and serve data, and you'll prepare and govern the datasets that..."
636a855b6c696953,2026-08-20,2026-09-18,Senior Data Engineer,Harnham - Data & Analytics Recruitment,Manchester,True,80000.0,100000.0,GBP,annual,False,,,,2026-08-18,Reed,https://www.reed.co.uk/jobs/senior-data-engineer/57250022,"Senior Data Engineer up to 100,000 + BENEFITS Fully Remote (UK) This is a great opportunity to join a high-growth organisation where you can take ownership of end-to-end data engineering delivery across modern cloud platforms and greenfield projects. THE ROLE: You will Lead end-to-end data engineering projects, delivering scalable, reliable solutions from design through to deployment. Design,..."
3ac8a7e306044f19,2026-08-20,2026-09-15,Lead Data Engineer - Start-Up / Scale-up experience required,Matchtech,London,False,100000.0,160000.0,GBP,annual,False,,permanent,,2026-08-18,Reed,https://www.reed.co.uk/jobs/lead-data-engineer-start-up-scale-up-experience-required/57248688,"Lead Data Engineer (Permanent, London on-site 4 Days) - Sponsorship is not available for this role A high-growth AI software company is looking for a Lead Data Engineer to own and scale the data foundations behind an AI-driven operations platform used by property teams. This is a hands-on, high-ownership role where you'll define the data architecture, set engineering standards and build systems..."
6bcf85a84f7c9e42,2026-08-20,2026-08-20,Data Engineer (Snowflake) - Outside IR35,Transparency Technology,"London, UK",False,104000.0,110500.0,GBP,annual,False,,contract,full_time,2026-08-18,Adzuna,https://www.adzuna.co.uk/jobs/details/5847198855?utm_medium=api&utm_source=jobaggregator,"Senior Data Engineer | London | Financial Services | Snowflake, dbt, Power BI | 6 month rolling contract (£425 p/d Outside IR35) or Perm (100k Salary Bens) A growing financial services business is investing heavily in its next-generation data platform, creating a modern ecosystem that will power trading, operational, regulatory and commercial intelligence across the organisation. They're looking..."
00c2c517c78770e7,2026-08-20,2026-09-14,Contract Databricks Data Engineer,Tenth Revolution Group,"London, UK",True,104000.0,104000.0,GBP,annual,False,,contract,,2026-08-18,Adzuna,https://www.adzuna.co.uk/jobs/land/ad/5846662895?se=OnCIDYCc8RGM_IndFT4icg&utm_medium=api&utm_source=jobaggregator&v=1F927138D9ED6190D427F64D673A68DEDD6E9B94,"Contract Databricks Data Engineer (x2) Location: Primarily Remote (Occasional travel to Worthing, including first day) Contract Length: 6 Months Rate: £400 per day IR35 Status: Outside IR35 The Opportunity We're supporting a major organisation that has invested heavily in a modern Databricks-powered data platform, transforming the way data is delivered across the business and enhancing the..."
5e1dd66d638785d1,2026-08-20,2026-09-11,Senior Data Engineer (Remote within the UK),Chip,"Spitalfields, East London",True,73092.01,73092.01,GBP,annual,True,Adzuna estimate,,full_time,2026-08-17,Adzuna,https://www.adzuna.co.uk/jobs/details/5845113734?utm_medium=api&utm_source=jobaggregator,"As a Senior Data Engineer at Chip, you'll help bring our data platform to the next level and empower Chip to be a truly data-driven business. You'll co-own the architecture of our data platform alongside our Analytics Engineer — not just implementing designs, but making the calls on how ingestion, modelling, and the semantic layer should actually work. You'll also provide technical leadership..."
756815a566bf9ac9,2026-08-20,2026-09-11,Data Engineer,Randstad Digital,UK,True,91000.0,104000.0,GBP,annual,False,,contract,,2026-08-17,Adzuna,https://www.adzuna.co.uk/jobs/details/5845423512?utm_medium=api&utm_source=jobaggregator,"Remote Data Engineer (Databricks, Kafka, ADF) - 3 to 6 Month Contract Location: 100% Remote (Must be UK-based) Contract Length: 3-6 Months (Medical Leave Backfill) The Opportunity We are partnering with a leading enterprise organization to find a Mid-Level Data Engineer for an immediate-start contract. We are looking for a reliable, hands-on engineer to jump straight in and support critical,..."
3109c1c3de08a60e,2026-08-20,2026-09-18,Data Engineer,VIQU IT Recruitment,Cardiff,True,300.0,325.0,GBP,daily,False,,contract,,2026-08-17,Reed,https://www.reed.co.uk/jobs/data-engineer/57244061,"Data Engineer (SQL Server / SSIS) – 3 Month Initial Contract – Remote / Cardiff VIQU have partnered with an NHS organisation to recruit a hands-on Data Engineer to support critical data integration and ETL workloads across a Microsoft-based environment. This Data Engineer role is focused on stabilising, improving and enhancing existing data pipelines, alongside supporting ongoing modernisation..."
114fb53511e7fc04,2026-08-20,2026-09-18,Contract Databricks Data Engineer Role - Remote - £400/pd,Tenth Revolution Group,"London, UK",True,400.0,400.0,GBP,daily,False,,permanent,full_time,2026-08-17,Adzuna,https://www.adzuna.co.uk/jobs/land/ad/5845191096?se=OnCIDYCc8RGM_IndFT4icg&utm_medium=api&utm_source=jobaggregator&v=94A6CFFB864A3ABFB889627DF2FB1A63329CCC02,Contract Databricks Data Engineer Role - Remote - £400/pd Please note - this is an Outside IR35 contract role which will require occasional visits to offices in the South of England. To be eligible for this role you must be based in the UK with the unrestricted right to work in the UK. We're partnering with a well-established financial services organisation that is seeking an experienced...
0c4a2566427f6524,2026-08-20,2026-09-18,Contract Data Engineer,Opus Recruitment Solutions Ltd,New Works,True,400.0,450.0,GBP,daily,False,,contract,,2026-08-17,Reed,https://www.reed.co.uk/jobs/contract-data-engineer/57246877,"Opus have partnered with a global FinTech company who're undergoing a large transformation to move their existing data platform from BigQuery to Snowflake. - Rate: 450 per day (Outside IR35) - Start Date: September 2026 - Length : 6 months - Working pattern : Fully-remote Key Requirements: Strong Snowflake experience (ideally 2+ years) Experience with data platform migrations, particularly in..."
14472c0369835e09,2026-08-20,2026-08-20,Senior Data Engineer Microsoft Azure data - Huxley,eFinancialCareers,London,False,,,,,False,,permanent,,2026-08-16,Reed,https://www.reed.co.uk/jobs/senior-data-engineer-microsoft-azure-data-huxley/57241568,"Senior Data Engineer Microsoft Azure data This is a new and exclusive opportunity for a Senior Data Engineer with strengths in Microsoft Azure data to be a key lead in strengthening, evolving, and modernising our core data platforms. Job details Title: Senior Data Engineer Technical Stack: Microsoft Azure data Location: London or Glasgow with 1 day a week in the office Permanent role salary..."
7a3a8eb56ea5978e,2026-08-20,2026-09-10,"Data Engineer - Remote - £70,000 - FTC or Permanent",Pearson Carter,"London, UK",True,60000.0,70000.0,GBP,annual,False,,permanent,full_time,2026-08-14,Adzuna,https://www.adzuna.co.uk/jobs/details/5840937489?utm_medium=api&utm_source=jobaggregator,"Data Engineer - Remote - £70,000 - FTC or Permanent An established client is seeking a Senior Data Engineer on an initial contract. You will be responsible for designing, developing, and optimising robust data pipelines, data integration solutions, and cloud-based data platforms that support business-critical systems and analytics. Working within an Agile team, you will ensure data is accurate,..."
10a8a26c035926b6,2026-08-20,2026-09-10,Data Engineer - Data Vault 2.0,Norton Blake,UK,True,169000.0,169000.0,GBP,annual,False,,contract,full_time,2026-08-13,Adzuna,https://www.adzuna.co.uk/jobs/details/5840649272?utm_medium=api&utm_source=jobaggregator,"Data Engineer - Data Vault 2.0 Location: Fully remote - ( Within the EU ) Contract: Initial 3 months, with a high likelihood of extension Day rate: £650 per day IR35 status: Inside IR35 The role We are looking for an experienced Data Engineer to join a fully remote project on an initial three-month contract. You will play a key role in designing, building and maintaining scalable data solutions,..."
4dae80d8690bb8e0,2026-08-20,2026-08-31,Contract Data Engineer,Cathcart Technology,"Manchester, Greater Manchester",True,104000.0,106600.0,GBP,annual,False,,contract,,2026-08-13,Adzuna,https://www.adzuna.co.uk/jobs/land/ad/5840673142?se=OnCIDYCc8RGM_IndFT4icg&utm_medium=api&utm_source=jobaggregator&v=14171DD09403A7F3BFB31202496813DE7A6F50DC,"Data Engineer (Databricks) - 6 Months - Fully Remote - £400pd Inside IR35 A leading organisation is looking for a Data Engineer to join them on an initial 6-month contract . Working as part of a busy data team, you'll be responsible for supporting and enhancing critical data pipelines, ensuring the reliable delivery of key data products while contributing to ongoing modernisation and automation..."
5712dfe01fa46c18,2026-08-20,2026-08-31,Contract Data Engineer,Cathcart Technology,"Rusholme, Manchester",True,104000.0,106600.0,GBP,annual,False,,contract,,2026-08-13,Adzuna,https://www.adzuna.co.uk/jobs/land/ad/5840668923?se=OnCIDYCc8RGM_IndFT4icg&utm_medium=api&utm_source=jobaggregator&v=D83C950AD1AC419D985A61322A21694C5CA4C8C1,"Data Engineer (Databricks) - 6 Months - Fully Remote - £400pd Inside IR35 A leading organisation is looking for a Data Engineer to join them on an initial 6-month contract. Working as part of a busy data team, you'll be responsible for supporting and enhancing critical data pipelines, ensuring the reliable delivery of key data products while contributing to ongoing modernisation and automation..."
518b905bbe80b968,2026-08-20,2026-08-30,Contract Data Engineer,Cathcart Technology,M11AE,True,400.0,410.0,GBP,daily,False,,contract,,2026-08-13,Reed,https://www.reed.co.uk/jobs/contract-data-engineer/57234988,"Data Engineer (Databricks) - 6 Months - Fully Remote - 400pd Inside IR35 A leading organisation is looking for a Data Engineer to join them on an initial 6-month contract . Working as part of a busy data team, you'll be responsible for supporting and enhancing critical data pipelines, ensuring the reliable delivery of key data products while contributing to ongoing modernisation and automation..."
aca53b57c4c7084c,2026-08-20,2026-09-11,"Data Engineer, Vice President",BlackRock,"London, UK",False,93889.95,93889.95,GBP,annual,True,Adzuna estimate,,,2026-08-12,Adzuna,https://www.adzuna.co.uk/jobs/details/5837520886?utm_medium=api&utm_source=jobaggregator,"About this role Preqin is a leading provider of private markets data and analytics and part of BlackRock. It delivers trusted data, benchmarks, and insights that support decision-making across the full private markets investment lifecycle. With comprehensive global coverage across private equity, private credit, real estate, infrastructure, venture capital, and hedge funds, Preqin brings greater..."
ffd966f02ddbb86e,2026-08-20,2026-09-18,Data Engineer,Sphere Digital Recruitment,London,False,350.0,365.0,GBP,daily,False,,,,2026-08-12,Reed,https://www.reed.co.uk/jobs/data-engineer/57227849,"An exciting media agency in London is looking for a Data Engineer to support a leading client, helping to build a new marketing data capability within Snowflake and enable reporting, analytics and measurement. Based in London - fully in the office 3 days per week throughout August, increasing to 4 days per week in September 2 months initially Start date: ASAP 365pd Outside IR35 The Job As the..."
3c18ab78aecaa550,2026-08-20,2026-09-08,Senior Data Engineer - Azure - Fabric - Remote - £90K,Tenth Revolution Group,"Leeds, West Yorkshire",True,75000.0,90000.0,GBP,annual,False,,permanent,full_time,2026-08-11,Adzuna,https://www.adzuna.co.uk/jobs/land/ad/5836708314?se=OnCIDYCc8RGM_IndFT4icg&utm_medium=api&utm_source=jobaggregator&v=0DD2EB3E51A4550F192F9D70171FE020A505218F,"Senior Data Engineer - Azure - Fabric - Remote - £90K I'm recruiting for a Lead Azure Data Engineer with one of the UK's leading tech learning and digital transformation businesses. The role is a great blend of hands-on engineering and leadership, where you'll lead a small team while remaining heavily involved in Azure data platform development. A few highlights: Lead and mentor a team of Azure..."
753e9191da360af3,2026-08-20,2026-09-08,Principal AI Data Engineer,Certain Advantage,SE17NA,False,750.0,800.0,GBP,daily,False,,contract,,2026-08-11,Reed,https://www.reed.co.uk/jobs/principal-ai-data-engineer/57222435,"Principal AI Data Engineer Certain Advantage is hiring for a Principal AI Data Engineer based in London. This role is an initial contract until the end of the year and is hybrid, requiring 3 days per week onsite in London. You'll be responsible for: Developing AI, GenAI and Agentic AI prototypes using Azure AI Foundry, Copilot Studio, Databricks Mosaic AI and MLflow. Building, optimising and..."
13048c872faef191,2026-08-20,2026-09-18,Data Engineer-Wealth/Asset Management,Hydrogen Group,London,False,95000.0,150000.0,GBP,annual,False,,,,2026-08-11,Reed,https://www.reed.co.uk/jobs/data-engineer-wealth-asset-management/57224945,We're looking for experienced Data Engineers to join a high-profile data transformation programme that will shape the future of investment decision-making and regulatory reporting within a leading financial services organisation. Experience working in Wealth/Asset Management is VERY advantageous This is an opportunity to work on a business-critical initiative that will transform how investment...
f450428e11a5b9a8,2026-08-20,2026-09-18,Analytics Engineer - £650/day Inside IR35 - Immediate Start,Tenth Revolution Group,London,True,600.0,650.0,GBP,daily,False,,contract,,2026-08-11,Reed,https://www.reed.co.uk/jobs/analytics-engineer-650-day-inside-ir35-immediate-start/57223932,"Contract Analytics Engineer - 650/day Inside IR35 - Immediate Start Please note - this is a fully remote role. You must have the unrestricted right to work in the UK to be eligible for this role - this organisation is not able to offer sponsorship. About the Company We are working with a leading global technology company transforming the way people shop and eat through market-leading technology,..."
92bf3c0e31d5d03d,2026-08-20,2026-09-01,Senior Data Engineer,Transforming Learning Group Ltd,UK,True,62965.7,62965.7,GBP,annual,True,Adzuna estimate,permanent,full_time,2026-08-10,Adzuna,https://www.adzuna.co.uk/jobs/details/5835924914?utm_medium=api&utm_source=jobaggregator,"Senior Data Engineer Location- Remote, with occasional travel Salary - £60,000 Contract: Full Time, Permanent About Transforming Learning Group Transforming Learning Group is a visionary education group dedicated to helping schools use technology and data more effectively to improve outcomes for learners. Supporting over 5,000 schools nationwide, our family of brands includes turn IT on, School..."
be9f4bc0771ba5d4,2026-08-20,2026-09-09,Data Engineer,Brio Digital,UK,True,130000.0,130000.0,GBP,annual,False,,contract,full_time,2026-08-10,Adzuna,https://www.adzuna.co.uk/jobs/details/5835732170?utm_medium=api&utm_source=jobaggregator,"Job Description Data Engineer Contract | Remote (UK) | Inside IR35 | Health Tech £500 /day | ASAP Start Brio Digital is working with a health tech company providing a platform that supports preventative care at scale, giving individuals meaningful feedback on their health while enabling organisations to understand workforce and population health trends. The data underpinning this platform is..."
26c5eaf012b12d30,2026-08-20,2026-09-05,Staff Data Engineer (Exclusive),Ocho People,"County Antrim, Northern Ireland",True,70000.0,100000.0,GBP,annual,False,,permanent,full_time,2026-08-09,Adzuna,https://www.adzuna.co.uk/jobs/details/5834447641?utm_medium=api&utm_source=jobaggregator,"Staff Data Engineer Belfast (Hybrid/ Remote) | Full-time Staff-level ownership of large-scale, distributed data pipelines, not just execution Modern open-source stack: Airflow/Dagster, Spark, dbt, Kafka, AWS Flexible Hybrid working out of Belfast Join a platform already moving billions of consumer interactions a year, still scaling About the Company This business has spent two decades quietly..."
ad66fd2743a9e420,2026-08-20,2026-08-21,AI & Data Engineer,Reactive Markets,UK,True,59093.12,59093.12,GBP,annual,True,Adzuna estimate,,full_time,2026-08-09,Adzuna,https://www.adzuna.co.uk/jobs/details/5834881246?utm_medium=api&utm_source=jobaggregator,"AI & Data Engineer Remote (UK-based) | Full-Time About Us Reactive Markets is the 2026 OTC Trading Platform of the Year ( Risk.net ). Our network handles over $50 billion in daily trading volumes across FX, Equities, and Cryptocurrency, connecting 40 of the world's leading liquidity providers. We are investing heavily in AI and data as core strategic priorities for 2026 and beyond. Our execution..."
b9838db1c891f47c,2026-08-20,2026-09-07,Staff Data Engineer (Exclusive),Ocho,"Belfast, Northern Ireland",True,100000.0,100000.0,GBP,annual,False,,,full_time,2026-08-08,Adzuna,https://www.adzuna.co.uk/jobs/land/ad/5833793551?se=OnCIDYCc8RGM_IndFT4icg&utm_medium=api&utm_source=jobaggregator&v=2C1A80A0D991DFE683123310AA1AE129DCB3947B,"Staff Data Engineer Belfast (Hybrid/ Remote) | Full-time Staff-level ownership of large-scale, distributed data pipelines, not just execution Modern open-source stack: Airflow/Dagster, Spark, dbt, Kafka, AWS Flexible Hybrid working out of Belfast Join a platform already moving billions of consumer interactions a year, still scaling About the Company This business has spent two decades quietly..."
59e292639d5dd023,2026-08-20,2026-09-07,Data Engineering Specialist - Fully Remote,Mercor,"London, UK",True,45932.93,45932.93,GBP,annual,True,Adzuna estimate,contract,,2026-08-08,Adzuna,https://www.adzuna.co.uk/jobs/details/5832793731?utm_medium=api&utm_source=jobaggregator,"About the job Mercor connects elite creative and technical talent with leading AI research labs. Headquartered in San Francisco, our investors include Benchmark , General Catalyst , Peter Thiel , Adam D'Angelo , Larry Summers , and Jack Dorsey . Position: Data Engineer (Coding Agent Experience) Type: Contract Compensation: $80/hour Location: Remote Role Responsibilities Use frontier AI coding..."
d7e8174960f84dc6,2026-08-20,2026-09-18,Senior Data Engineer,Tenth Revolution Group,"London, UK",True,70000.0,90000.0,GBP,annual,False,,permanent,full_time,2026-08-07,Adzuna,https://www.adzuna.co.uk/jobs/land/ad/5831966735?se=OnCIDYCc8RGM_IndFT4icg&utm_medium=api&utm_source=jobaggregator&v=894125F427017BF8501D865E353B731EDC479E44,"Senior Data Engineer - Fully Remote (UK-Based) - No Sponsorship Available - Microsoft Fabric - Leadership Opportunity - Up to £90k Are you a Senior Data Engineer looking for a fully remote role where you can shape the future of a growing data platform while leading a talented engineering team? We're working with a highly successful, technology-driven organisation that is investing heavily in its..."
af8001b02f15af08,2026-08-20,2026-09-06,Lead Data Engineer,Matchtech,London,False,150000.0,170000.0,GBP,annual,False,,permanent,full_time,2026-08-07,Reed,https://www.reed.co.uk/jobs/lead-data-engineer/57208015,"Our client, a leading technology firm, is currently seeking an experienced Lead Data Engineer to join their team in London. This is a permanent, full-time position. About the Opportunity The successful candidate will architect, build, and scale the data infrastructure powering an advanced AI-driven platform. This hands-on leadership role involves designing scalable systems from the ground up,..."
70ca9366264a10c9,2026-08-20,2026-09-07,Data Engineer,Reed,EC3R8AJ,False,,,,,False,,,,2026-08-07,Reed,https://www.reed.co.uk/jobs/data-engineer/57209925,"Data Engineer Salary: Competitive Location: Central London Sponsorship: Sponsorship is not available, so please only apply if you have the full, unencumbered right to work in the UK. A large UK organisation with a mature data and analytics function is looking for a Data Engineer to join its central data team. This role will focus on designing, building, and maintaining data products that enable..."
3abe5a61aee75299,2026-08-20,2026-09-17,Data Engineer,Adecco,London,False,450.0,450.0,GBP,daily,False,,contract,,2026-08-06,Reed,https://www.reed.co.uk/jobs/data-engineer/57204907,Data Engineer (AVP) Location: London Location: Canary Wharf (3 days onsite expected) Contract Duration: 6 months initially - opportunity for up to 2 years! Daily Rate: 450 Umbrella Shape the Future of Data Engineering We are looking for a talented Data Engineer (AVP) to join our development team in London. This role will help drive our migration from a legacy Oracle environment to a modern...
900f16a59ee35bf3,2026-08-20,2026-09-16,Senior Analytics Engineer - Fabric,Harnham - Data & Analytics Recruitment,London,False,65000.0,65000.0,GBP,annual,False,,,,2026-08-05,Reed,https://www.reed.co.uk/jobs/senior-analytics-engineer-fabric/57202138,"Senior Analytics Engineer Oxford (Hybrid, 2 days per week) | Up to 65,000 No sponsorship offered This is an opportunity to join a growing data function within an organisation undergoing significant international expansion. As data volumes and regional coverage continue to increase, the team are investing in their platform and looking for an experienced Analytics Engineer to help improve data..."
95155b3f7e1b02eb,2026-08-20,2026-09-02,Pricing Data Engineer,Sellick Partnership,London,True,500.0,500.0,GBP,daily,False,,contract,,2026-08-05,Reed,https://www.reed.co.uk/jobs/pricing-data-engineer/57201408,Pricing Data Engineer 3 month contract 500 per day Inside IR35 Fully Remote Overview of the Pricing Data Engineer role Sellick Partnership is currently supporting a leading insurance organisation as they look to appoint an experienced Pricing Data Engineer to support their Pricing team on an interim basis. This is an immediate requirement for a highly experienced SQL specialist to support a busy...
2b81d32b065c34a1,2026-08-20,2026-09-04,Data Engineer,Develop,"Abingdon, Oxfordshire",True,75000.0,75000.0,GBP,annual,False,,,,2026-08-05,Adzuna,https://www.adzuna.co.uk/jobs/details/5829404269?utm_medium=api&utm_source=jobaggregator,"Data Engineer (Snowflake, Python, SQL) Location: Remote first (1 day per week in Oxford with Flexibility) Salary: Up to £75,000 Benefits The role: Design, build, and optimise scalable data pipelines and models Support the ongoing implementation and enhancement of a Snowflake-based data platform Enable high-quality data for analytics, reporting, and future AI/ML initiatives Drive best practices in..."
7f2965c97587ea15,2026-08-20,2026-09-16,Data Engineer,Oscar Technology,London,False,60000.0,80000.0,GBP,annual,False,,,,2026-08-05,Reed,https://www.reed.co.uk/jobs/data-engineer/57199418,"Data Engineer Location: London (Hybrid) Salary: 60,000 - 75,000 + benefits The Role We are working with a fast-growing technology company that is continuing to invest heavily in its data platform as it scales. They are looking for a hands-on Data Engineer to help build and optimise modern cloud-based data infrastructure that supports analytics, reporting, and future AI initiatives across the..."
396bb35abdbf01c8,2026-08-20,2026-09-18,Data Engineering Consultant,Sanderson,South West England,True,600.0,700.0,GBP,daily,False,,contract,,2026-08-04,Reed,https://www.reed.co.uk/jobs/data-engineering-consultant/57194748,"Data Engineer 60 0-700/day outside IR35 6 month initial contract Remote working - ideally once a month onsite Working with a leading financial services client who are looking for a Data Engineering Consultant. Looking for someone who can act independently and can own end-to-end complex data products - work with stakeholders to understand requirements, engineer and deliver products. Data..."
0aeb537df4479e4f,2026-08-20,2026-09-14,Lead Data Engineer,Tenth Revolution Group,London,True,80000.0,110000.0,GBP,annual,False,,,,2026-08-03,Reed,https://www.reed.co.uk/jobs/lead-data-engineer/57189517,"Lead Data Engineer - Fully Remote (UK) - AWS - AI & Machine Learning - Up to 110,000 Are you a Senior Data Engineer looking for the opportunity to own a data function rather than simply contribute to one? We're working with a high-growth technology business that is scaling rapidly and investing heavily in its data, analytics and AI capabilities. The organisation develops cutting-edge products..."
484116b87ce5c0f0,2026-08-20,2026-08-31,Senior Data Engineer,Evergreen Finance,UK,True,70000.0,80000.0,GBP,annual,False,,,full_time,2026-08-01,Adzuna,https://www.adzuna.co.uk/jobs/details/5824391040?utm_medium=api&utm_source=jobaggregator,"No sponsorship on this role Senior Data Engineer Tech, UK Remote Overview Come join our growing software development and data engineering team, building and scaling the next generation of our loan offering and analytics platforms. We are looking for an experienced Data Engineer with initiative, drive, and strong service mindset, who will play a key role in developing scalable systems, robust data..."
6b594ed301a60530,2026-08-20,2026-09-10,Data Engineer - Snowflake / 3NF,Sanderson,London,False,550.0,600.0,GBP,daily,False,,contract,,2026-07-30,Reed,https://www.reed.co.uk/jobs/data-engineer-snowflake-3nf/57179170,"Data Engineer - Snowflake / 3NF Rate - 550 - 600 per day - Outside IR35 Location - London, once a month onsite Duration - Initial 6 Month Contract - Extensions Expected The Opportunity: We're supporting a major UK household brand within its loyalty and rewards division as it continues to invest heavily in its data platform and wider data strategy. As part of this growth, they are looking to..."
9b89c361662322c8,2026-08-20,2026-09-10,Data Engineer,Lynx Recruitment Ltd,SW1E5LB,False,50000.0,60000.0,GBP,annual,False,,,,2026-07-30,Reed,https://www.reed.co.uk/jobs/data-engineer/57177676,"Location: London (Hybrid) with occasional client travel Salary: Up to 60,000 We're recruiting for a Data Engineer to join a growing consultancy, delivering production-grade data platforms for some of the UK's leading organisations. This is a client-facing role where you'll design and build scalable cloud-based data solutions, working with modern technologies including AWS, Databricks and Agentic..."
651ff508e99401ca,2026-08-20,2026-09-18,Senior Data Engineer Microsoft Azure data,SThree UK,"The City, Central London",False,50000.0,70000.0,GBP,annual,False,,permanent,full_time,2026-07-29,Adzuna,https://www.adzuna.co.uk/jobs/details/5819149562?utm_medium=api&utm_source=jobaggregator,"Senior Data Engineer Microsoft Azure data This is a new and exclusive opportunity for a Senior Data Engineer with strengths in Microsoft Azure data to be a key lead in strengthening, evolving, and modernising our core data platforms. Job details Title: Senior Data Engineer Technical Stack: Microsoft Azure data Location: London or Glasgow with 1 day a week in the office Industry: STEM Technology..."
e727b5a56840055c,2026-08-20,2026-09-18,Senior Data Engineer Microsoft Azure data,Huxley Associates,"The City, Central London",False,70000.0,70000.0,GBP,annual,False,,permanent,,2026-07-29,Adzuna,https://www.adzuna.co.uk/jobs/details/5819016280?utm_medium=api&utm_source=jobaggregator,"Senior Data Engineer Microsoft Azure data This is a new and exclusive opportunity for a Senior Data Engineer with strengths in Microsoft Azure data to be a key lead in strengthening, evolving, and modernising our core data platforms. Job details Title: Senior Data Engineer Technical Stack: Microsoft Azure data Location: London or Glasgow with 1 day a week in the office Industry: STEM Technology..."
18b84bc6f5c020f2,2026-08-20,2026-08-22,"Senior Data Engineer (EU, EMEA Remote)",SavvyMoney,UK,True,78027.18,78027.18,GBP,annual,True,Adzuna estimate,,full_time,2026-07-29,Adzuna,https://www.adzuna.co.uk/jobs/details/5820082246?utm_medium=api&utm_source=jobaggregator,"SavvyMoney is a US based leading financial technology company. We provide integrated credit score and personal finance solutions to 1,600 bank and credit union partners throughout the United States. The SavvyMoney solutions integrate with more than 43 digital banking platforms. SavvyMoney was recently recognized by the San Francisco Business Times and the Silicon Valley Journal as one of the ""Top..."
953c7cd4b8ebc6bd,2026-08-20,2026-09-09,Data Engineer (PLM) – Engineering Data Migration,OP,Slough,False,38000.0,40000.0,GBP,annual,False,,contract,,2026-07-29,Reed,https://www.reed.co.uk/jobs/data-engineer-plm--engineering-data-migration/57172725,"An exciting opportunity has arisen for an Engineering Data Engineer to join a leading aerospace organisation on an 18-month contract, supporting a major Product Lifecycle Management (PLM) transformation programme. This role is not a traditional cloud data engineering position . Instead, you'll take ownership of migrating engineering and product data, including CAD models, engineering drawings,..."
a676ec282156b584,2026-08-20,2026-09-09,Data Engineer,Hydrogen Group,London,False,70000.0,100000.0,GBP,annual,False,,,,2026-07-29,Reed,https://www.reed.co.uk/jobs/data-engineer/57172637,"We're looking for experienced Data Engineers to join a high-profile data transformation programme that will shape the future of investment decision-making and regulatory reporting within a leading financial services organisation. This is an opportunity to work on a business-critical initiative that will transform how investment and portfolio data is managed, analysed and utilised across the..."
7743c59245c0c148,2026-08-20,2026-08-27,Senior Data Engineer,Ocho,"Ballymena, Northern Ireland",True,60000.0,60000.0,GBP,annual,False,,,,2026-07-28,Adzuna,https://www.adzuna.co.uk/jobs/land/ad/5818755869?se=OnCIDYCc8RGM_IndFT4icg&utm_medium=api&utm_source=jobaggregator&v=28E9B54581BEFAF57DB005C49C777E9C3FAB0C62,"Data & Analytics Engineer At a Glance Data & Analytics Engineer, Ballymena, hybrid working (3 days onsite, 2 days remote) Join a Northern Ireland manufacturer at the start of a major digital transformation Own the design of a modern cloud data platform built around Microsoft Fabric and Snowflake Clear route to Data Architect or Data Lead as the function grows Competitive salary plus a full..."
233ed0b1979d29fe,2026-08-20,2026-08-26,Principal Data Engineer,Pearson Carter,"Reading, Berkshire",True,78000.0,260000.0,GBP,annual,False,,,full_time,2026-07-28,Adzuna,https://www.adzuna.co.uk/jobs/details/5817719372?utm_medium=api&utm_source=jobaggregator,"Principal Data Engineer – Hybrid/Remote - (SC Cleared) THE COMPANY: A leading organisation undergoing a significant digital transformation is looking to appoint a Principal Data Engineer to play a key role in shaping its enterprise data platform and future analytics capabilities. Joining a growing Data & Integration function, you'll work alongside architects, product owners, and engineering teams..."
1232dc50690c60e8,2026-08-20,2026-08-26,Data Engineer - Hybrid - Day Rate,Pearson Carter,"Reading, Berkshire",True,78000.0,260000.0,GBP,annual,False,,contract,full_time,2026-07-28,Adzuna,https://www.adzuna.co.uk/jobs/details/5817719409?utm_medium=api&utm_source=jobaggregator,"Data Engineer – Hybrid/Remote – Competitive Day Rate THE COMPANY: A leading organisation undergoing a major digital transformation is looking to expand its Data & Integration team with the addition of a Data Engineer . This is an exciting opportunity to join a growing data function responsible for building modern cloud-based data platforms that support reporting, business intelligence, analytics,..."
5100c3260e4f3f17,2026-08-20,2026-09-08,Data Engineer,Oliver James,London,False,400.0,500.0,GBP,daily,False,,contract,,2026-07-28,Reed,https://www.reed.co.uk/jobs/data-engineer/57166807,Data Engineer - Data Migration Programme | London (Hybrid) | Contract - up to 500/d (outside IR35) Are you a Data Engineer with hands-on experience delivering enterprise data migration solutions? Our client - a fast-scaling European digital infrastructure provider with 100+ sites across the continent - is looking for a Data Engineer to join a major transformation programme consolidating multiple...
6f840685ae20a5f0,2026-08-20,2026-09-18,Data Engineer,Harnham - Data & Analytics Recruitment,London,False,500.0,600.0,GBP,daily,False,,,,2026-07-28,Reed,https://www.reed.co.uk/jobs/data-engineer/57169326,"Data Engineer Up to 70,000 + Benefits Central London (Hybrid Working) This is a fantastic opportunity to join a purpose-driven organisation where you can take ownership of building and developing a modern cloud-based analytics platform that supports data-driven decision-making across the business. THE COMPANY: Operating at the heart of the music industry, you will be part of an ongoing digital..."
8b46e78f87304547,2026-08-20,2026-09-07,Data Engineer - GCP,Boston Hale,W85SA,False,40000.0,55000.0,GBP,annual,False,,,full_time,2026-07-27,Reed,https://www.reed.co.uk/jobs/data-engineer-gcp/57164520,"Job Title: Data Engineer Location: London (Hybrid 2 days a week) Type: Full-time Agency: Representing a leading digital media group We're representing a well-established digital media company with a growing portfolio of high-traffic content brands. As they expand their data capabilities, they're looking for a Data Engineer to join their London-based team. Key Responsibilities: Design and maintain..."
de2f8d75fd50278d,2026-08-20,2026-09-04,Data Engineering Lead,Adecco,London,False,,,,daily,False,,contract,,2026-07-24,Reed,https://www.reed.co.uk/jobs/data-engineering-lead/57158431,"Data Engineering Lead London/Hybrid 12 months contract Day rate 745 via Umbrella Company Our commitment is to provide equal opportunity regardless of, for example, your gender, age, ethnicity, disability, sexual orientation or beliefs. We also engage with employers to develop programmes and pathways that embrace diverse talent and promote more inclusive employment worldwide through partnerships..."
0f317b012cb95c6d,2026-08-20,2026-08-20,Senior Data Engineer Microsoft Azure data - Huxley,Huxley,"London, UK",False,95082.72,95082.72,GBP,annual,True,Adzuna estimate,permanent,full_time,2026-07-23,Adzuna,https://www.adzuna.co.uk/jobs/details/5812594213?utm_medium=api&utm_source=jobaggregator,"Senior Data Engineer Microsoft Azure data This is a new and exclusive opportunity for a Senior Data Engineer with strengths in Microsoft Azure data to be a key lead in strengthening, evolving, and modernising our core data platforms. Job details Title: Senior Data Engineer Technical Stack: Microsoft Azure data Location: London or Glasgow with 1 day a week in the office Permanent role salary..."
a7c1c1e385a33d24,2026-08-20,2026-08-21,Data Engineer,Tribe Appointments Ltd,"Manchester, Greater Manchester",True,70000.0,70000.0,GBP,annual,False,,,,2026-07-23,Adzuna,https://www.adzuna.co.uk/jobs/details/5812017926?utm_medium=api&utm_source=jobaggregator,"Data Engineer (Microsoft Fabric / Azure) Remote with occassional client site visit Role Overview Were looking for a Data Engineer who loves building modern data platforms and helping organisations turn raw data into real business value. Youll design, develop and optimise data solutions using Microsoft Fabric and Azure , enabling clients to make smarter decisions, modernise legacy estates and..."
539bf832e4f94567,2026-08-20,2026-09-01,Lead Data Engineer - 400pd -Outside IR35,Vermillion Analytics,London,True,400.0,400.0,GBP,daily,False,,contract,,2026-07-21,Reed,https://www.reed.co.uk/jobs/lead-data-engineer-400pd-outside-ir35/57144401,"Lead Data Engineer 400/day (Outside IR35) | 3-Month Initial Contract, with view to extend | Remote (occasional travel to London) | UK-based candidates only, must hold full right to work in the UK About the Role We're looking for a Lead Data Engineer to take ownership of core data engineering and architecture work while providing technical leadership to a delivery team. This is a hands-on senior..."
9b8c54a4c9a38ce9,2026-08-20,2026-09-01,Data Engineering Team Leader,TALENT ZONE LTD,Hounslow,False,800.0,801.0,GBP,daily,False,,,,2026-07-21,Reed,https://www.reed.co.uk/jobs/data-engineering-team-leader/57146312,"Job Title: HR Data Delivery Lead Role Overview A new data lake solution is being implemented and the HR Data Delivery Lead will be responsible for end-to-end delivery of data products, pipelines, and reporting solutions across multiple teams. This role will be accountable for connecting data from the new Oracle HCM Cloud to the new AWS Snowflake solution and unifying data layer between legacy and..."
ae96702831b2acc1,2026-08-20,2026-08-30,Data Engineering Lead,Elevate Recruitment Limited,E201JQ,False,38000.0,50000.0,GBP,annual,False,,,,2026-07-19,Reed,https://www.reed.co.uk/jobs/data-engineering-lead/57137630,"Data Engineering Lead required by our client an international educational establishment to provide the technical engine for the Value Management Office automating the visibility of portfolio performance and benefit realization across the organization. It is responsible for building and maintaining the ""Value Dashboard,"" ensuring that data from disparate systems (Finance, Project Management, and..."
c0decad6739b2e91,2026-08-20,2026-09-18,Senior Data Engineer,Harnham - Data & Analytics Recruitment,London,False,550.0,650.0,GBP,daily,False,,,,2026-07-17,Reed,https://www.reed.co.uk/jobs/senior-data-engineer/57135553,"Senior Data Engineer 550 - 650 per day London - 2 days per week This is an opportunity to join a large-scale data transformation programme within a highly data-driven organisation. You'll play a key role in modernising a complex data estate, supporting business-critical analytics and enabling future AI and data science capabilities across the organisation. The Company They are a well-established..."
ed9326f1520d58b8,2026-08-20,2026-08-28,Data Engineering Manager,Tenth Revolution Group,London,False,70000.0,80000.0,GBP,annual,False,,,,2026-07-17,Reed,https://www.reed.co.uk/jobs/data-engineering-manager/57133912,"Data Engineering Manager - London - Hybrid - Up to 80,000 We are supporting a leading organisation within the Technology and Data space that delivers technology-enabled transformation programmes for a diverse portfolio of clients. Their expertise lies in designing and implementing modern data solutions that empower organisations to make better decisions, unlock value from their data and..."
69c83ab50f8d58af,2026-08-20,2026-08-31,Data Engineer,Tenth Revolution Group,London,False,40000.0,50000.0,GBP,annual,False,,,,2026-07-17,Reed,https://www.reed.co.uk/jobs/data-engineer/57135735,"Data Engineer 50,000 - London (3 days in office) We are partnering with a global consulting and technology services organisation that delivers large-scale digital, data and AI transformation programmes for enterprise clients across a range of industries. Due to continued growth within its Data & Analytics practice, the organisation is looking to hire a Data Engineer to help design, build and..."
4b4d769bb4661cd7,2026-08-20,2026-09-18,Analytics Engineer,Harnham - Data & Analytics Recruitment,London,False,400.0,450.0,GBP,daily,False,,,,2026-07-17,Reed,https://www.reed.co.uk/jobs/analytics-engineer/57136241,"ANALYTICS ENGINEER LONDON/HYBRID UP TO 60,000 This is a rare opportunity to join an organisation at an early stage of its data journey, where you will have genuine influence over how data is designed, modelled, and used across the business. You will sit at the heart of a growing data function, working end to end from ingestion through to reporting, with strong exposure to both technical delivery..."
ea630b1ef9d4f245,2026-08-20,2026-08-27,Data Engineering Tech Lead,Sanderson,London,False,650.0,680.0,GBP,daily,False,,contract,,2026-07-16,Reed,https://www.reed.co.uk/jobs/data-engineering-tech-lead/57131982,Data Engineering Tech Lead Location: London (1 day per month onsite) Duration: Initial 6-Month Contract Pay Rate: 650 - 680 (Outside IR35) The Opportunity We're supporting a growing loyalty and rewards organisation that is continuing to expand its data capability following significant business growth. They are seeking a hands-on Data Engineering Tech Lead to provide technical leadership across...
12ea4bf57816a2f3,2026-08-20,2026-08-25,Data Engineer,Tenth Revolution Group,Dartford,False,40000.0,50000.0,GBP,annual,False,,,,2026-07-14,Reed,https://www.reed.co.uk/jobs/data-engineer/57120639,"Data Engineer 50,000 - Dartford - Hybrid (3 days onsite) We are partnering with a leading international technology organisation that develops innovative solutions used across commercial and industrial sectors worldwide. As part of continued investment in technology and data capabilities, the business is seeking a Data Engineer to join its internal IT team. This is an exciting opportunity for a..."
f194c8aae9837569,2026-08-20,2026-09-18,Data Engineer,Tiro Partners Limited,London,False,60000.0,90000.0,GBP,annual,False,,,,2026-07-13,Reed,https://www.reed.co.uk/jobs/data-engineer/57116631,"Data Engineer | Python, SQL & Data Pipelines Role: Senior Data Engineer Company: Computer Vision Startup Location: London, Hybrid Salary: up to 95,000 + Benefits We’re looking for a talented Data Engineer to join a fast-growing, award-winning technology company transforming the an industry through advanced data platforms and digital innovation. This is an exciting opportunity to work within a..."
deef67181f85abed,2026-08-20,2026-08-21,Data Engineering Lead - Value & Analytics,Salt Search,London,False,38000.0,49300.0,GBP,annual,False,,permanent,,2026-07-10,Reed,https://www.reed.co.uk/jobs/data-engineering-lead-value-analytics/57110712,"Data Engineering Lead - Value & Analytics Location: London or Edinburgh Working pattern: Hybrid working Start date: ASAP Employment type: Permanent Salary: 38,000 - 46,000 (+ 3,300 London Weighting) Level: Senior The Opportunity A leading international organisation specialising in education, cultural relations and global collaboration is looking for a Data Engineering Lead to join its Value..."
55ef27a6465487ba,2026-08-20,2026-08-21,Data Engineer - Value & Analytics,Salt Search,London,False,31000.0,37300.0,GBP,annual,False,,permanent,,2026-07-10,Reed,https://www.reed.co.uk/jobs/data-engineer-value-analytics/57110515,"Data Engineer - Value & Analytics Location: London or Edinburgh Working pattern: Hybrid working Start date: ASAP Employment type: Permanent Salary: 31,000 - 34,000 (+ 3,300 London Weighting) Level: Mid-Level The Opportunity A leading international organisation specialising in education, cultural relations and global collaboration is looking for a Data Engineer to join its Value and Analytics..."
0880267fa3ac8b21,2026-08-20,2026-08-20,Data Engineer,VIQU IT Recruitment,Birmingham,True,350.0,450.0,GBP,daily,False,,,,2026-07-09,Reed,https://www.reed.co.uk/jobs/data-engineer/57108134,Data Engineer – Microsoft Fabric – Remote – Outside A Client is looking for an experienced Microsoft Fabric Data Engineer who will establish the foundations of there modern data platform and upskill members of the business. The successful Data Engineer will work along side internal teams and lead the delivery of the Microsoft Fabric pipeline while mentoring the team through the process....
073297d7ab95d9c1,2026-08-20,2026-09-18,Data Engineer,Eden James Consulting Limited,Reigate,False,,,,,False,,,,2026-07-01,Reed,https://www.reed.co.uk/jobs/data-engineer/57079680,"We are recruiting for a Data Engineer on behalf of one of the UK's most recognised and celebrated personal lines insurers. The successful candidate will join a collaborative team of data and AI engineers, scientists, developers, analysts, and architects. Together, they will design and build modern machine learning and AI services that support analytics and improve products across the business...."
